State,Year,property_tax,sales_tax,corporate_income_tax,Population,Sales_Tax_Rate,Corporate_Tax_Tax,Total_Tax,Tax_Per_Capita
Alabama,2025,653667,8363411,2123975,5193088,0.039999999,0.064999998,11141053,2.145361873
Alaska,2025,133795,335544,365420,737270,0,0.093999997,834759,1.132229712
Arizona,2025,1431360,17229728,1750547,7623818,0.056000002,0.048999999,20411635,2.677350771
Arkansas,2025,1622378,6910963,644431,3114791,0.064999998,0.043000001,9177772,2.946512944
California,2025,3684685,75416608,39423088,39355309,0.072499998,0.088399999,118524381,3.011649102
Colorado,2025,0,8244700,2354103,6012561,0.028999999,0.044,10598803,1.762776793
Connecticut,2025,0,9222486,3501103,3688496,0.063500002,0.082500003,12723589,3.449533089
Delaware,2025,0,673324,577320,1059952,0,0.086999997,1250644,1.17990626
Florida,2025,0,51013976,5821190,23462518,0.059999999,0.055,56835166,2.422381349
Georgia,2025,882217,13134644,3256108,11302748,0.039999999,0.0539,17272969,1.528209688
Hawaii,2025,0,6470244,410593,1432820,0.039999999,0.064000003,6880837,4.802303848
Idaho,2025,0,4196827,1007114,2029733,0.059999999,0.056949999,5203941,2.56385495
Illinois,2025,64406,28776062,12415984,12719141,0.0625,0.094999999,41256452,3.243650809
Indiana,2025,17133,16612178,893937,6973333,0.07,0.048999999,17523248,2.512894193
Iowa,2025,881,6354609,777410,3238387,0.059999999,0.071000002,7132900,2.202608891
Kansas,2025,932487,5650380,1362544,2977220,0.064999998,0.064999998,7945411,2.668734927
Kentucky,2025,839308,8582445,2344607,4606864,0.059999999,0.050000001,11766360,2.554093197
Louisiana,2025,194330,9352828,881941,4618189,0.050000001,0.055,10429099,2.258265957
Maine,2025,48978,3257518,410118,1414874,0.055,0.089299999,3716614,2.626816239
Maryland,2025,1051620,13308724,4885897,6265347,0.059999999,0.082500003,19246241,3.071855557
Massachusetts,2025,17846,12691895,6358396,7154084,0.0625,0.079999998,19068137,2.66534989
Michigan,2025,3150368,19180862,3062861,10127884,0.059999999,0.059999999,25394091,2.50734418
Minnesota,2025,746785,13744622,5929647,5830405,0.068750001,0.097999997,20421054,3.502510374
Mississippi,2025,30151,7404338,504118,2954160,0.07,0.050000001,7938607,2.687263723
Missouri,2025,47546,7796452,1585545,6270541,0.04225,0.039999999,9429543,1.503784602
Montana,2025,459133,930226,321726,1144694,0,0.067500003,1711085,1.494796863
Nebraska,2025,124,3808228,1075085,2018006,0.055,0.052000001,4883437,2.419931854
Nevada,2025,2001867,10734472,0,3282188,0.068499997,0,12736339,3.880441644
New Hampshire,2025,413650,1049883,1110991,1415342,0,0.075000003,2574524,1.819011942
New Jersey,2025,4902,20365736,8437269,9548215,0.066249996,0.115000002,28807907,3.017098693
New Mexico,2025,125895,6172895,782029,2125498,0.048749998,0.059,7080819,3.331369401
New York,2025,0,35426896,26790060,20002427,0.039999999,0.072499998,62216956,3.110470344
North Carolina,2025,0,18949380,1574878,11197968,0.047499999,0.022500001,20524258,1.832855568
North Dakota,2025,5979,1928554,336249,799358,0.050000001,0.043099999,2270782,2.840757208
Ohio,2025,0,25627992,176,11900510,0.057500001,0,25628168,2.153535269
Oklahoma,2025,0,5428981,639795,4123288,0.045000002,0.039999999,6068776,1.471829278
Oregon,2025,21570,4016711,1507622,4273586,0,0.075999998,5545903,1.297716484
Pennsylvania,2025,44834,28320440,4442846,13059432,0.059999999,0.079899997,32808120,2.512216458
Rhode Island,2025,5090,2867761,531234,1114521,0.07,0.07,3404085,3.054303149
South Carolina,2025,108728,9922647,1437408,5570274,0.059999999,0.050000001,11468783,2.058926186
South Dakota,2025,0,2233917,59918,935094,0.041999999,0,2293835,2.453052848
Tennessee,2025,0,20297752,2586742,7315076,0.07,0.064999998,22884494,3.1284014
Texas,2025,0,77926640,0,31709821,0.0625,0,77926640,2.45749227
Utah,2025,0,5909550,1563369,3538904,0.061000001,0.045499999,7472919,2.111647844
Vermont,2025,1491794,1592618,285998,644663,0.059999999,0.085000001,3370410,5.22817348
Virginia,2025,55736,14984487,4450522,8880107,0.052999999,0.059999999,19490745,2.194877269
Washington,2025,4714436,29349504,0,8001020,0.064999998,0,34063940,4.257449675
West Virginia,2025,10307,3639910,376219,1766147,0.059999999,0.064999998,4026436,2.279785318
Wisconsin,2025,70206,10723736,2721125,5972787,0.050000001,0.079000004,13515067,2.262773978
Wyoming,2025,392048,1216427,0,588753,0.039999999,0,1608475,2.732003064
Alabama,2024,620698,8080863,2181796,5163055,0.039999999,0.064999998,10883357,2.107929704
Alaska,2024,130855,322606,389125,736537,0,0.093999997,842586,1.143983262
Arizona,2024,1357144,16497040,1784908,7556424,0.056000002,0.048999999,19639092,2.598992857
Arkansas,2024,1515978,6815000,972457,3096080,0.064999998,0.043000001,9303435,3.004907819
California,2024,3558041,74065328,41408312,39364774,0.072499998,0.088399999,119031681,3.023812127
Colorado,2024,0,8136841,2594804,5988502,0.028999999,0.044,10731645,1.792041649
Connecticut,2024,0,9177916,3203013,3674449,0.063500002,0.082500003,12380929,3.369465463
Delaware,2024,0,658914,537846,1050123,0,0.086999997,1196760,1.139637928
Florida,2024,0,50501720,6045890,23265838,0.059999999,0.055,56547610,2.430499602
Georgia,2024,862884,12321555,3614953,11204208,0.039999999,0.0539,16799392,1.499382375
Hawaii,2024,0,6294856,514588,1434952,0.039999999,0.064000003,6809444,4.745415875
Idaho,2024,0,4052036,1170681,2000872,0.059999999,0.056949999,5222717,2.610220444
Illinois,2024,73342,27667838,12665767,12703033,0.0625,0.094999999,40406947,3.180889714
Indiana,2024,15285,16177074,965129,6934754,0.07,0.048999999,17157488,2.474130733
Iowa,2024,837,6241197,1533101,3230454,0.059999999,0.071000002,7775135,2.406824242
Kansas,2024,952523,5657731,1465780,2965252,0.064999998,0.064999998,8076034,2.723557391
Kentucky,2024,808162,8618915,2041051,4584046,0.059999999,0.050000001,11468128,2.501748019
Louisiana,2024,131236,8623574,1014529,4614878,0.050000001,0.055,9769339,2.116922484
Maine,2024,39993,3196236,459753,1408438,0.055,0.089299999,3695982,2.62417089
Maryland,2024,994776,12673025,4849046,6245314,0.059999999,0.082500003,18516847,2.964918497
Massachusetts,2024,15416,12302201,6290604,7138560,0.0625,0.079999998,18608221,2.606719142
Michigan,2024,2811062,18366780,3184850,10099962,0.059999999,0.059999999,24362692,2.412156798
Minnesota,2024,731865,13575926,5875471,5797405,0.068750001,0.097999997,20183262,3.481430399
Mississippi,2024,30361,6845576,717797,2950172,0.07,0.050000001,7593734,2.573997042
Missouri,2024,46136,7583232,1652525,6243544,0.04225,0.039999999,9281893,1.486638518
Montana,2024,481087,889321,310370,1137557,0,0.067500003,1680778,1.477532994
Nebraska,2024,126,3678029,1724908,2005591,0.055,0.052000001,5403063,2.694000422
Nevada,2024,1816136,11410872,0,3253543,0.068499997,0,13227008,4.065416686
New Hampshire,2024,410549,1020509,1218620,1408518,0,0.075000003,2649678,1.881181497
New Jersey,2024,4964,19709604,8210973,9506354,0.066249996,0.115000002,27925541,2.937565864
New Mexico,2024,125960,5927262,610240,2126774,0.048749998,0.059,6663462,3.133131212
New York,2024,0,35112328,23218036,20001419,0.039999999,0.072499998,58330364,2.916311288
North Carolina,2024,0,18223858,1558772,11052061,0.047499999,0.022500001,19782630,1.789949404
North Dakota,2024,5818,1881912,256447,793387,0.050000001,0.043099999,2144177,2.702561297
Ohio,2024,0,25290340,213,11860621,0.057500001,0,25290553,2.132312718
Oklahoma,2024,0,5630902,691278,4097758,0.045000002,0.039999999,6322180,1.542838791
Oregon,2024,20734,3942940,1685221,4265324,0,0.075999998,5648895,1.32437653
Pennsylvania,2024,44073,27610030,4956531,13045848,0.059999999,0.079899997,32610634,2.499694462
Rhode Island,2024,5364,2859059,595576,1110415,0.07,0.07,3459999,3.115951243
South Carolina,2024,92821,9497669,1351161,5490316,0.059999999,0.050000001,10941651,1.992900044
South Dakota,2024,0,2258095,60718,927110,0.041999999,0,2318813,2.501119608
Tennessee,2024,0,18157168,3048569,7251291,0.07,0.064999998,21205737,2.924408495
Texas,2024,0,74958280,0,31318578,0.0625,0,74958280,2.393412626
Utah,2024,0,5719110,1449946,3502983,0.061000001,0.045499999,7169056,2.046557463
Vermont,2024,1307255,1544093,255401,646521,0.059999999,0.085000001,3106749,4.805333469
Virginia,2024,45114,14316563,3836386,8819642,0.052999999,0.059999999,18198063,2.0633562
Washington,2024,4614073,28367380,0,7927958,0.064999998,0,32981453,4.160144769
West Virginia,2024,9350,3546594,465463,1767402,0.059999999,0.064999998,4021407,2.275321064
Wisconsin,2024,91171,10448203,2656043,5957168,0.050000001,0.079000004,13195417,2.215048661
Wyoming,2024,401751,1223689,0,586722,0.039999999,0,1625440,2.770375067
Alabama,2023,553812,7929086,2158063,5117850,0.039999999,0.064999998,10640961,2.079185791
Alaska,2023,128961,292255,444240,734654,0,0.093999997,865456,1.178045719
Arizona,2023,1304903,15654686,1806337,7452073,0.056000002,0.048999999,18765926,2.518215535
Arkansas,2023,1424090,6668614,1055274,3069856,0.064999998,0.043000001,9147978,2.97993717
California,2023,3400425,72490024,29936654,39181667,0.072499998,0.088399999,105827103,2.700934164
Colorado,2023,0,7986279,2342073,5912240,0.028999999,0.044,10328352,1.746943967
Connecticut,2023,0,8813018,3293551,3641369,0.063500002,0.082500003,12106569,3.324730067
Delaware,2023,0,646541,571185,1035354,0,0.086999997,1217726,1.176144584
Florida,2023,0,49680636,5522370,22929248,0.059999999,0.055,55203006,2.407536697
Georgia,2023,831799,11397058,3807573,11063669,0.039999999,0.0539,16036430,1.449467622
Hawaii,2023,0,6256481,347800,1434950,0.039999999,0.064000003,6604281,4.602446775
Idaho,2023,0,3922670,1034310,1970497,0.059999999,0.056949999,4956980,2.515598857
Illinois,2023,70799,26911046,13397965,12633389,0.0625,0.094999999,40379810,3.196276945
Indiana,2023,15463,16574666,1230591,6881373,0.07,0.048999999,17820720,2.589704119
Iowa,2023,775,6226006,838062,3214739,0.059999999,0.071000002,7064843,2.197641239
Kansas,2023,881689,5677245,1561519,2949749,0.064999998,0.064999998,8120453,2.752930165
Kentucky,2023,790911,8349625,1210388,4549953,0.059999999,0.050000001,10350924,2.274951851
Louisiana,2023,98440,8499133,1223914,4598777,0.050000001,0.055,9821487,2.13567368
Maine,2023,43924,3093237,451211,1401992,0.055,0.089299999,3588372,2.559481081
Maryland,2023,1069368,12642045,4377258,6204927,0.059999999,0.082500003,18088671,2.915210928
Massachusetts,2023,14073,12165804,6726019,7073479,0.0625,0.079999998,18905896,2.672786051
Michigan,2023,2716683,18114948,3185992,10062124,0.059999999,0.059999999,24017623,2.386933713
Minnesota,2023,774847,12947044,5388169,5752998,0.068750001,0.097999997,19110060,3.321756761
Mississippi,2023,31158,6821686,818031,2942470,0.07,0.050000001,7670875,2.606950963
Missouri,2023,41766,7011074,911344,6205956,0.04225,0.039999999,7964184,1.283312998
Montana,2023,388902,911905,307950,1130612,0,0.067500003,1608757,1.422908124
Nebraska,2023,129,3399819,692965,1988172,0.055,0.052000001,4092913,2.058631245
Nevada,2023,1492323,11037458,0,3211077,0.068499997,0,12529781,3.902049375
New Hampshire,2023,306000,1039064,1271550,1401530,0,0.075000003,2616614,1.866969669
New Jersey,2023,5068,19875644,8696043,9395315,0.066249996,0.115000002,28576755,3.041596264
New Mexico,2023,117069,5343297,442713,2119349,0.048749998,0.059,5903079,2.785326532
New York,2023,0,33070584,24316578,19786543,0.039999999,0.072499998,57387162,2.900312702
North Carolina,2023,0,17753704,1640070,10871849,0.047499999,0.022500001,19393774,1.783852406
North Dakota,2023,5490,1824505,324144,787071,0.050000001,0.043099999,2154139,2.736905565
Ohio,2023,0,25219848,251,11808390,0.057500001,0,25220099,2.135777951
Oklahoma,2023,0,5560003,774802,4062716,0.045000002,0.039999999,6334805,1.559253711
Oregon,2023,21450,4229398,1618518,4250392,0,0.075999998,5869366,1.380899926
Pennsylvania,2023,46214,27083928,5708628,13009406,0.059999999,0.079899997,32838770,2.524232851
Rhode Island,2023,4763,2951639,470345,1101183,0.07,0.07,3426747,3.111877862
South Carolina,2023,96834,7459355,1356927,5390798,0.059999999,0.050000001,8913116,1.653394544
South Dakota,2023,0,2226224,48070,917739,0.041999999,0,2274294,2.478149016
Tennessee,2023,0,17767576,3156401,7153029,0.07,0.064999998,20923977,2.925191132
Texas,2023,0,74143768,0,30719247,0.0625,0,74143768,2.413593276
Utah,2023,0,5582038,1443235,3449259,0.061000001,0.045499999,7025273,2.036748473
Vermont,2023,1210786,1492253,299607,647722,0.059999999,0.085000001,3002646,4.635701736
Virginia,2023,49635,14028519,4369396,8732034,0.052999999,0.059999999,18447550,2.1126292
Washington,2023,4484192,28128280,0,7838655,0.064999998,0,32612472,4.160467835
West Virginia,2023,7702,3465335,419965,1770036,0.059999999,0.064999998,3893002,2.199391425
Wisconsin,2023,97109,10356276,2667937,5930350,0.050000001,0.079000004,13121322,2.212571265
Wyoming,2023,476952,1153165,0,584666,0.039999999,0,1630117,2.788116634
Alabama,2022,495753,7540587,2095098,5076868,0.039999999,0.064999998,10131438,1.995607922
Alaska,2022,125219,270644,413175,733659,0,0.093999997,809038,1.102743918
Arizona,2022,1254846,13380245,1163469,7370065,0.056000002,0.048999999,15798560,2.143612031
Arkansas,2022,1318147,6216131,826703,3047429,0.064999998,0.043000001,8360981,2.743617981
California,2022,2986154,71677488,46005504,39125347,0.072499998,0.088399999,120669146,3.084168071
Colorado,2022,0,7856911,1508480,5853355,0.028999999,0.044,9365391,1.600003929
Connecticut,2022,0,8327840,3645975,3618707,0.063500002,0.082500003,11973815,3.30886557
Delaware,2022,0,644552,498885,1020279,0,0.086999997,1143437,1.120710119
Florida,2022,0,47015448,3780770,22413989,0.059999999,0.055,50796218,2.266272996
Georgia,2022,799564,11405066,2509683,10929992,0.039999999,0.0539,14714313,1.346232733
Hawaii,2022,0,5647969,314873,1437812,0.039999999,0.064000003,5962842,4.147163885
Idaho,2022,0,3594947,1040953,1942951,0.059999999,0.056949999,4635900,2.386009735
Illinois,2022,68795,25814374,11029506,12609577,0.0625,0.094999999,36912675,2.927352361
Indiana,2022,15898,15081598,1539543,6841491,0.07,0.048999999,16637039,2.431785557
Iowa,2022,2110,5807099,860164,3201890,0.059999999,0.071000002,6669373,2.082948821
Kansas,2022,841790,5539663,868262,2938034,0.064999998,0.064999998,7249715,2.467539518
Kentucky,2022,725415,7718476,1168370,4521238,0.059999999,0.050000001,9612261,2.126024111
Louisiana,2022,94860,7741107,1039929,4600892,0.050000001,0.055,8875896,1.929168518
Maine,2022,45023,2992389,415818,1391585,0.055,0.089299999,3453230,2.481508496
Maryland,2022,930810,12139837,3103358,6183257,0.059999999,0.082500003,16174005,2.61577434
Massachusetts,2022,12996,11405267,6857023,7025465,0.0625,0.079999998,18275286,2.601292014
Michigan,2022,2535211,17017984,3283283,10043906,0.059999999,0.059999999,22836478,2.273665046
Minnesota,2022,773877,12092155,5270794,5727565,0.068750001,0.097999997,18136826,3.1665858
Mississippi,2022,29025,6244106,710719,2941237,0.07,0.050000001,6983850,2.374460134
Missouri,2022,39591,6473966,751969,6179285,0.04225,0.039999999,7265526,1.17578749
Montana,2022,359844,867006,291198,1121533,0,0.067500003,1518048,1.353547332
Nebraska,2022,122,3285152,715153,1972595,0.055,0.052000001,4000427,2.0280022
Nevada,2022,1399442,10656850,0,3177672,0.068499997,0,12056292,3.794064334
New Hampshire,2022,406541,956510,1213000,1396647,0,0.075000003,2576051,1.844453896
New Jersey,2022,5068,19740884,8660149,9298402,0.066249996,0.115000002,28406101,3.054944387
New Mexico,2022,116584,4366174,490786,2112859,0.048749998,0.059,4973544,2.353940324
New York,2022,0,30738472,23685228,19713025,0.039999999,0.072499998,54423700,2.760799015
North Carolina,2022,0,16473702,1631119,10705768,0.047499999,0.022500001,18104821,1.691127717
North Dakota,2022,5322,1586316,229201,780191,0.050000001,0.043099999,1820839,2.333837483
Ohio,2022,0,24014162,721,11764950,0.057500001,0,24014883,2.0412227
Oklahoma,2022,0,5376013,811693,4025327,0.045000002,0.039999999,6187706,1.537193376
Oregon,2022,22884,3955161,1488974,4245964,0,0.075999998,5467019,1.287580158
Pennsylvania,2022,39729,25727120,5007127,12984655,0.059999999,0.079899997,30773976,2.370026466
Rhode Island,2022,4135,2361483,288450,1098275,0.07,0.07,2654068,2.416578726
South Carolina,2022,86957,7087474,1204176,5288957,0.059999999,0.050000001,8378607,1.584169998
South Dakota,2022,0,2067055,61818,909156,0.041999999,0,2128873,2.341592642
Tennessee,2022,0,16682886,2999297,7063325,0.07,0.064999998,19682183,2.786532263
Texas,2022,0,67005760,0,30118002,0.0625,0,67005760,2.224774406
Utah,2022,0,5257859,935481,3393928,0.061000001,0.045499999,6193340,1.824829519
Vermont,2022,1235599,1391177,240402,647614,0.059999999,0.085000001,2867178,4.427294654
Virginia,2022,54712,12931327,2651427,8681038,0.052999999,0.059999999,15637466,1.801335969
Washington,2022,4399803,26739776,0,7786828,0.064999998,0,31139579,3.999006913
West Virginia,2022,7908,3201145,366316,1774003,0.059999999,0.064999998,3575369,2.015424438
Wisconsin,2022,88838,9877449,2927101,5903472,0.050000001,0.079000004,12893388,2.184034751
Wyoming,2022,268292,1177747,0,581742,0.039999999,0,1446039,2.485705003
Alabama,2021,468015,7014522,1134256,5050058,0.039999999,0.064999998,8616793,1.706276047
Alaska,2021,120028,267842,124987,734590,0,0.093999997,512857,0.698154072
Arizona,2021,1266990,11249699,905953,7274022,0.056000002,0.048999999,13422642,1.845284768
Arkansas,2021,1308040,5752828,618457,3027127,0.064999998,0.043000001,7679325,2.536836083
California,2021,3151488,64367044,26097276,39152927,0.072499998,0.088399999,93615808,2.391029616
Colorado,2021,0,6994813,1278046,5814368,0.028999999,0.044,8272859,1.422830306
Connecticut,2021,0,8148270,2607064,3607765,0.063500002,0.082500003,10755334,2.981162576
Delaware,2021,0,587923,334805,1005130,0,0.086999997,922728,0.918018565
Florida,2021,0,38522112,3407190,21836698,0.059999999,0.055,41929302,1.920130141
Georgia,2021,732325,10257930,1750735,10793038,0.039999999,0.0539,12740990,1.18048227
Hawaii,2021,0,4147624,191426,1446909,0.039999999,0.064000003,4339050,2.998840978
Idaho,2021,0,3180226,351479,1904855,0.059999999,0.056949999,3531705,1.854054508
Illinois,2021,59589,23486336,5729501,12703354,0.0625,0.094999999,29275426,2.304543036
Indiana,2021,13876,13847723,1385158,6814223,0.07,0.048999999,15246757,2.237490173
Iowa,2021,2024,5522117,793641,3199037,0.059999999,0.071000002,6317782,1.974901197
Kansas,2021,815701,4970129,727435,2938966,0.064999998,0.064999998,6513265,2.216175689
Kentucky,2021,707461,7088138,926075,4508348,0.059999999,0.050000001,8721674,1.934560952
Louisiana,2021,103750,6853513,587747,4628595,0.050000001,0.055,7545010,1.630086452
Maine,2021,44636,2629517,284317,1379009,0.055,0.089299999,2958470,2.145359457
Maryland,2021,893215,10587203,1840705,6176035,0.059999999,0.082500003,13321123,2.156905361
Massachusetts,2021,10368,10427871,3672995,6996721,0.0625,0.079999998,14111234,2.016835315
Michigan,2021,2396416,15925763,1496498,10042362,0.059999999,0.059999999,19818677,1.973507527
Minnesota,2021,809160,11204458,2423383,5714055,0.068750001,0.097999997,14437001,2.526577186
Mississippi,2021,29885,5732309,550199,2947603,0.07,0.050000001,6312393,2.141534325
Missouri,2021,37418,5945293,686857,6172551,0.04225,0.039999999,6669568,1.080520517
Montana,2021,334759,768499,268444,1106416,0,0.067500003,1371702,1.239770575
Nebraska,2021,123,3040622,571220,1964697,0.055,0.052000001,3611965,1.838433611
Nevada,2021,386450,6955725,0,3148472,0.068499997,0,7342175,2.331980402
New Hampshire,2021,401407,1043942,1009975,1387907,0,0.075000003,2455324,1.769083952
New Jersey,2021,5166,17871986,5959760,9266509,0.066249996,0.115000002,23836912,2.5723724
New Mexico,2021,114185,3848402,152728,2117300,0.048749998,0.059,4115315,1.943661739
New York,2021,0,26018886,5110637,19835345,0.039999999,0.072499998,31129523,1.5693966
North Carolina,2021,0,14586128,1515650,10565503,0.047499999,0.022500001,16101778,1.523995403
North Dakota,2021,5207,1426888,155458,777977,0.050000001,0.043099999,1587553,2.040616882
Ohio,2021,0,22148518,5955,11761443,0.057500001,0,22154473,1.883652627
Oklahoma,2021,0,4975670,601224,3992760,0.045000002,0.039999999,5576894,1.39675162
Oregon,2021,25127,3514217,1223523,4254691,0,0.075999998,4762867,1.119438991
Pennsylvania,2021,40395,24448864,4045313,13016628,0.059999999,0.079899997,28534572,2.192163132
Rhode Island,2021,3864,2131988,257943,1097381,0.07,0.07,2393795,2.181370919
South Carolina,2021,78975,6226021,740197,5194346,0.059999999,0.050000001,7045193,1.356319544
South Dakota,2021,0,1783982,53960,896303,0.041999999,0,1837942,2.050581109
Tennessee,2021,0,14492861,2564458,6966687,0.07,0.064999998,17057319,2.448411849
Texas,2021,0,56646008,0,29572672,0.0625,0,56646008,1.915484945
Utah,2021,0,4519388,745673,3339874,0.061000001,0.045499999,5265061,1.576425039
Vermont,2021,1203059,1247617,166841,647238,0.059999999,0.085000001,2617517,4.044133688
Virginia,2021,43332,11719392,1579303,8660007,0.052999999,0.059999999,13342027,1.540648524
Washington,2021,4350245,24013256,0,7744316,0.064999998,0,28363501,3.662492724
West Virginia,2021,8122,2968554,320487,1785921,0.059999999,0.064999998,3297163,1.846197564
Wisconsin,2021,95757,9184622,2517169,5882128,0.050000001,0.079000004,11797548,2.005659856
Wyoming,2021,295925,927089,0,579662,0.039999999,0,1223014,2.109874375
Alabama,2020,445584,6274912,754272,5032962,0.039999999,0.064999998,7474768,1.485162813
Alaska,2020,125696,255206,194663,732906,0,0.093999997,575565,0.78531899
Arizona,2020,1096339,10746188,523062,7186647,0.056000002,0.048999999,12365589,1.720633976
Arkansas,2020,1207396,5137583,469029,3014399,0.064999998,0.043000001,6814008,2.260486419
California,2020,3063367,63554860,9817957,39527808,0.072499998,0.088399999,76436184,1.933731919
Colorado,2020,0,6011981,696612,5786873,0.028999999,0.044,6708593,1.159277731
Connecticut,2020,0,7468451,2062263,3579643,0.063500002,0.082500003,9530714,2.662476118
Delaware,2020,0,585504,244913,991890,0,0.086999997,830417,0.837206747
Florida,2020,0,35167488,2481710,21591325,0.059999999,0.055,37649198,1.743718739
Georgia,2020,662443,9538551,984087,10732595,0.039999999,0.0539,11185081,1.042159981
Hawaii,2020,0,4923969,43679,1451130,0.039999999,0.064000003,4967648,3.423296328
Idaho,2020,0,2714828,245969,1849328,0.059999999,0.056949999,2960797,1.601012368
Illinois,2020,59589,20650012,3491688,12795348,0.0625,0.094999999,24201289,1.891413114
Indiana,2020,13881,12506535,756866,6790290,0.07,0.048999999,13277282,1.955333572
Iowa,2020,1815,4958143,620486,3191081,0.059999999,0.071000002,5580444,1.74876288
Kansas,2020,783279,4598189,433931,2938274,0.064999998,0.064999998,5815399,1.979188803
Kentucky,2020,654791,6539197,639200,4508271,0.059999999,0.050000001,7833188,1.737514892
Louisiana,2020,90472,6174643,450449,4652145,0.050000001,0.055,6715564,1.44354142
Maine,2020,42626,2401733,216131,1364546,0.055,0.089299999,2660490,1.949725403
Maryland,2020,867051,9518562,1325456,6178387,0.059999999,0.082500003,11711069,1.895489713
Massachusetts,2020,8926,9489653,2532411,6985320,0.0625,0.079999998,12030990,1.722324818
Michigan,2020,2373197,13307546,812842,10072294,0.059999999,0.059999999,16493585,1.637520211
Minnesota,2020,756066,11352902,1604450,5710562,0.068750001,0.097999997,13713418,2.401413031
Mississippi,2020,29387,5264298,421425,2958385,0.07,0.050000001,5715110,1.93183443
Missouri,2020,36525,5458755,364460,6155074,0.04225,0.039999999,5859740,0.952017799
Montana,2020,332869,678835,186297,1087156,0,0.067500003,1198001,1.101958689
Nebraska,2020,128,2812655,391164,1963318,0.055,0.052000001,3203947,1.631904256
Nevada,2020,346902,7594926,0,3116851,0.068499997,0,7941828,2.548029405
New Hampshire,2020,408937,922118,780672,1378752,0,0.075000003,2111727,1.531622076
New Jersey,2020,4974,16271749,3565191,9270476,0.066249996,0.115000002,19841914,2.140333894
New Mexico,2020,109667,3950769,95556,2118446,0.048749998,0.059,4155992,1.96181163
New York,2020,0,28388278,4824289,20122262,0.039999999,0.072499998,33212567,1.650538443
North Carolina,2020,0,12840706,662343,10450215,0.047499999,0.022500001,13503049,1.292131215
North Dakota,2020,5427,1564960,81490,779612,0.050000001,0.043099999,1651877,2.118845015
Ohio,2020,0,20327400,3683,11798534,0.057500001,0,20331083,1.72318722
Oklahoma,2020,0,4622832,301574,3965243,0.045000002,0.039999999,4924406,1.241892615
Oregon,2020,22633,1937212,892484,4243544,0,0.075999998,2852329,0.672157282
Pennsylvania,2020,39359,21445064,2510056,12995576,0.059999999,0.079899997,23994479,1.846357484
Rhode Island,2020,2843,1898767,213303,1096487,0.07,0.07,2114913,1.928808093
South Carolina,2020,42290,5381858,505025,5131992,0.059999999,0.050000001,5929173,1.155335589
South Dakota,2020,0,1678709,37459,887808,0.041999999,0,1716168,1.933039576
Tennessee,2020,0,13219753,1504881,6927736,0.07,0.064999998,14724634,2.12546119
Texas,2020,0,53347552,0,29237895,0.0625,0,53347552,1.824603037
Utah,2020,0,4232521,360203,3283970,0.061000001,0.045499999,4592724,1.398528001
Vermont,2020,1150268,1164652,141623,642965,0.059999999,0.085000001,2456543,3.820648091
Virginia,2020,36381,10067447,1362172,8637303,0.052999999,0.059999999,11466000,1.327497715
Washington,2020,3738779,21763084,0,7726812,0.064999998,0,25501863,3.300437878
West Virginia,2020,7392,2818977,151989,1791670,0.059999999,0.064999998,2978358,1.662336256
Wisconsin,2020,101087,8652410,1585086,5897371,0.050000001,0.079000004,10338583,1.753083365
Wyoming,2020,295983,951816,0,577669,0.039999999,0,1247799,2.160058788
Alabama,2019,422322,5829203,684296,5003778,0.039999999,0.064999998,6935821,1.38611685
Alaska,2019,121501,278823,332520,734820,0,0.093999997,732844,0.997310906
Arizona,2019,1091363,10443788,514264,7067695,0.056000002,0.048999999,12049415,1.704857807
Arkansas,2019,1208746,4920468,533915,3004206,0.064999998,0.043000001,6663129,2.217933457
California,2019,2977083,59632876,13792519,39547995,0.072499998,0.088399999,76402478,1.931892578
Colorado,2019,0,5988535,794659,5735797,0.028999999,0.044,6783194,1.182607055
Connecticut,2019,0,7787888,2065833,3607133,0.063500002,0.082500003,9853721,2.731732099
Delaware,2019,0,602601,289974,981340,0,0.086999997,892575,0.90954715
Florida,2019,0,36492076,3114711,21353320,0.059999999,0.055,39606787,1.854830396
Georgia,2019,864858,9509465,1271270,10643103,0.039999999,0.0539,11645593,1.094191515
Hawaii,2019,0,5062134,190484,1456943,0.039999999,0.064000003,5252618,3.605232325
Idaho,2019,0,2520264,284961,1808378,0.059999999,0.056949999,2805225,1.551238181
Illinois,2019,60781,19534290,3822382,12849440,0.0625,0.094999999,23417453,1.822449305
Indiana,2019,13225,12580882,752352,6761818,0.07,0.048999999,13346459,1.973797431
Iowa,2019,1982,4857865,535594,3183858,0.059999999,0.071000002,5395441,1.69462363
Kansas,2019,752820,4523724,486421,2933756,0.064999998,0.064999998,5762965,1.964364112
Kentucky,2019,648739,6311232,762700,4498163,0.059999999,0.050000001,7722671,1.716849967
Louisiana,2019,76050,6522329,495388,4664544,0.050000001,0.055,7093767,1.520784668
Maine,2019,41110,2327733,252867,1357523,0.055,0.089299999,2621710,1.931245364
Maryland,2019,836498,9895931,1301050,6163769,0.059999999,0.082500003,12033479,1.952292339
Massachusetts,2019,8285,9557950,2946667,7016781,0.0625,0.079999998,12512902,1.783282391
Michigan,2019,2194160,14347394,1142671,10078126,0.059999999,0.059999999,17684225,1.754713624
Minnesota,2019,812497,11169575,1711659,5686910,0.068750001,0.097999997,13693731,2.407938758
Mississippi,2019,28362,5232943,494811,2969008,0.07,0.050000001,5756116,1.938733745
Missouri,2019,34022,5549210,369010,6143374,0.04225,0.039999999,5952242,0.968888106
Montana,2019,312300,663096,185097,1075495,0,0.067500003,1160493,1.079031516
Nebraska,2019,127,2579592,423738,1954962,0.055,0.052000001,3003457,1.536325003
Nevada,2019,335207,7835623,0,3068665,0.068499997,0,8170830,2.662666013
New Hampshire,2019,408499,961594,831765,1371857,0,0.075000003,2201858,1.605020057
New Jersey,2019,5014,15838942,3909308,9259376,0.066249996,0.115000002,19753264,2.133325615
New Mexico,2019,86754,3684304,202367,2110180,0.048749998,0.059,3973425,1.882979177
New York,2019,0,27230516,4296595,20220321,0.039999999,0.072499998,31527111,1.55917955
North Carolina,2019,0,12802893,836415,10369657,0.047499999,0.022500001,13639308,1.315309465
North Dakota,2019,4636,1563632,146523,776548,0.050000001,0.043099999,1714791,2.208222801
Ohio,2019,0,19372664,7306,11788679,0.057500001,0,19379970,1.643947553
Oklahoma,2019,0,4655400,302878,3943727,0.045000002,0.039999999,4958278,1.257256904
Oregon,2019,21310,1870274,910929,4215959,0,0.075999998,2802513,0.66473915
Pennsylvania,2019,37234,22140156,2962361,12991539,0.059999999,0.079899997,25139751,1.935086444
Rhode Island,2019,2774,1877924,176463,1094580,0.07,0.07,2057161,1.879406713
South Carolina,2019,42450,5241143,396207,5076874,0.059999999,0.050000001,5679800,1.1187593
South Dakota,2019,0,1614664,46295,882486,0.041999999,0,1660959,1.882136374
Tennessee,2019,0,12353713,1697469,6862615,0.07,0.064999998,14051182,2.047496763
Texas,2019,0,53905368,0,28856455,0.0625,0,53905368,1.86805233
Utah,2019,0,4017858,522382,3233028,0.061000001,0.045499999,4540240,1.404330553
Vermont,2019,1111956,1165401,149832,641847,0.059999999,0.085000001,2427189,3.781569439
Virginia,2019,32599,9425132,1247128,8597508,0.052999999,0.059999999,10704859,1.245111839
Washington,2019,3358585,21373728,0,7638923,0.064999998,0,24732313,3.237670153
West Virginia,2019,6900,2790535,198799,1800441,0.059999999,0.064999998,2996234,1.664166724
Wisconsin,2019,103230,8494026,1304720,5880280,0.050000001,0.079000004,9901976,1.683929337
Wyoming,2019,273518,953905,0,575327,0.039999999,0,1227423,2.13343542
Alabama,2018,406288,5534807,577516,4977088,0.039999999,0.064999998,6518611,1.309723879
Alaska,2018,122341,252970,196321,737710,0,0.093999997,571632,0.774873595
Arizona,2018,1047254,9708694,373076,6964300,0.056000002,0.048999999,11129024,1.598010425
Arkansas,2018,1188905,4834983,390756,2997195,0.064999998,0.043000001,6414644,2.140215768
California,2018,2837386,57345108,12488304,39535920,0.072499998,0.088399999,72670798,1.838095534
Colorado,2018,0,5712243,782679,5676918,0.028999999,0.044,6494922,1.144092974
Connecticut,2018,0,7556076,770941,3611229,0.063500002,0.082500003,8327017,2.305867892
Delaware,2018,0,585645,254802,971152,0,0.086999997,840447,0.865412417
Florida,2018,0,38456616,2426900,21131181,0.059999999,0.055,40883516,1.934748276
Georgia,2018,927590,9132965,1004298,10532841,0.039999999,0.0539,11064853,1.050509829
Hawaii,2018,0,4732032,146831,1459965,0.039999999,0.064000003,4878863,3.341767097
Idaho,2018,0,2383727,240809,1769305,0.059999999,0.056949999,2624536,1.483371154
Illinois,2018,59589,18699776,3319420,12887397,0.0625,0.094999999,22078785,1.713207485
Indiana,2018,12927,12119558,698725,6725960,0.07,0.048999999,12831210,1.907714289
Iowa,2018,1671,4687073,443187,3171540,0.059999999,0.071000002,5131931,1.618119589
Kansas,2018,714895,4494809,437967,2931587,0.064999998,0.064999998,5647671,1.926489304
Kentucky,2018,660902,5714427,749500,4487302,0.059999999,0.050000001,7124829,1.587775683
Louisiana,2018,60172,6864723,358208,4670033,0.050000001,0.055,7283103,1.559539943
Maine,2018,39308,2250293,185737,1350606,0.055,0.089299999,2475338,1.832760998
Maryland,2018,808763,9567244,1033175,6139211,0.059999999,0.082500003,11409182,1.858411773
Massachusetts,2018,7197,9022362,2408947,6994446,0.0625,0.079999998,11438506,1.635369835
Michigan,2018,2182188,14398369,971032,10070532,0.059999999,0.059999999,17551589,1.742866117
Minnesota,2018,818513,10614808,1357004,5650556,0.068750001,0.097999997,12790325,2.263551587
Mississippi,2018,29540,5030854,437407,2974657,0.07,0.050000001,5497801,1.848213424
Missouri,2018,33267,5539227,333724,6128572,0.04225,0.039999999,5906218,0.963718465
Montana,2018,300258,655034,175954,1066610,0,0.067500003,1131246,1.060599469
Nebraska,2018,129,2502020,313690,1945483,0.055,0.052000001,2815839,1.447372709
Nevada,2018,317136,7329456,0,3011007,0.068499997,0,7646592,2.539546404
New Hampshire,2018,408769,1025902,790011,1364941,0,0.075000003,2224682,1.629874112
New Jersey,2018,5016,15424507,2235653,9220072,0.066249996,0.115000002,17665176,1.915947728
New Mexico,2018,84224,2874807,111297,2103161,0.048749998,0.059,3070328,1.45986351
New York,2018,0,26399320,3079974,20219472,0.039999999,0.072499998,29479294,1.457965569
North Carolina,2018,0,12213452,742512,10273864,0.047499999,0.022500001,12955964,1.261060493
North Dakota,2018,4549,1395503,107277,771499,0.050000001,0.043099999,1507329,1.953766628
Ohio,2018,0,18348500,9046,11763104,0.057500001,0,18357546,1.560603902
Oklahoma,2018,0,4193511,234817,3928371,0.045000002,0.039999999,4428328,1.127268275
Oregon,2018,20116,1660004,804453,4183398,0,0.075999998,2484573,0.593912652
Pennsylvania,2018,34399,21034252,2486379,12980946,0.059999999,0.079899997,23555030,1.814585008
Rhode Island,2018,2704,1682021,118118,1091824,0.07,0.07,1802843,1.651221259
South Carolina,2018,37298,4948178,404164,5019607,0.059999999,0.050000001,5389640,1.073717524
South Dakota,2018,0,1585089,32376,875247,0.041999999,0,1617465,1.848009762
Tennessee,2018,0,11817903,1644159,6806981,0.07,0.064999998,13462062,1.977684674
Texas,2018,0,51462208,0,28508309,0.0625,0,51462208,1.805165224
Utah,2018,0,3857825,460657,3181595,0.061000001,0.045499999,4318482,1.357332407
Vermont,2018,1065767,1137650,110819,640680,0.059999999,0.085000001,2314236,3.612155834
Virginia,2018,31890,7688302,1165610,8547370,0.052999999,0.059999999,8885802,1.03959487
Washington,2018,2769520,20327520,0,7549002,0.064999998,0,23097040,3.059615033
West Virginia,2018,7316,2727006,110068,1810572,0.059999999,0.064999998,2844390,1.57098972
Wisconsin,2018,101424,8247655,919826,5859000,0.050000001,0.079000004,9268905,1.581994368
Wyoming,2018,250153,862797,0,574783,0.039999999,0,1112950,1.936295959
Alabama,2017,395930,5247294,520113,4953096,0.039999999,0.064999998,6163337,1.244340308
Alaska,2017,120805,263120,87775,741937,0,0.093999997,471700,0.635768266
Arizona,2017,993615,9214293,368136,6872380,0.056000002,0.048999999,10576044,1.538920141
Arkansas,2017,1137886,4701868,396989,2990702,0.064999998,0.043000001,6236743,2.085377614
California,2017,2681872,51360200,10112520,39424315,0.072499998,0.088399999,64154592,1.627284888
Colorado,2017,0,5277083,528543,5599635,0.028999999,0.044,5805626,1.036786505
Connecticut,2017,0,6991466,897247,3607550,0.063500002,0.082500003,7888713,2.186723122
Delaware,2017,0,556490,246175,961604,0,0.086999997,802665,0.834714706
Florida,2017,0,34089928,2383783,20868335,0.059999999,0.055,36473711,1.747801681
Georgia,2017,989218,8809190,971898,10428854,0.039999999,0.0539,10770306,1.032741085
Hawaii,2017,0,4365856,184840,1458161,0.039999999,0.064000003,4550696,3.120846052
Idaho,2017,0,2231756,216641,1734888,0.059999999,0.056949999,2448397,1.411270929
Illinois,2017,63283,18629894,2877499,12922894,0.0625,0.094999999,21570676,1.669183079
Indiana,2017,12251,11013349,1025498,6686218,0.07,0.048999999,12051098,1.802378864
Iowa,2017,1840,4613085,432020,3162752,0.059999999,0.071000002,5046945,1.595744782
Kansas,2017,683827,4301759,386966,2927448,0.064999998,0.064999998,5372552,1.835233965
Kentucky,2017,709772,5649708,458650,4475829,0.059999999,0.050000001,6818130,1.523322272
Louisiana,2017,70366,6770967,291321,4678580,0.050000001,0.055,7132654,1.52453394
Maine,2017,38643,2165142,175239,1344956,0.055,0.089299999,2379024,1.768848944
Maryland,2017,777064,9242760,1001934,6113486,0.059999999,0.082500003,11021758,1.802859776
Massachusetts,2017,6598,8809249,2196474,6959114,0.0625,0.079999998,11012321,1.58243147
Michigan,2017,2124075,14314143,1195399,10049914,0.059999999,0.059999999,17633617,1.754603771
Minnesota,2017,854945,10607635,1227028,5606013,0.068750001,0.097999997,12689608,2.263570919
Mississippi,2017,27099,4950204,407913,2983448,0.07,0.050000001,5385216,1.805030957
Missouri,2017,31643,5403936,307443,6113654,0.04225,0.039999999,5743022,0.939376353
Montana,2017,277615,620235,124821,1058073,0,0.067500003,1022671,0.966541061
Nebraska,2017,123,2407514,264440,1934551,0.055,0.052000001,2672077,1.381238851
Nevada,2017,300490,6923284,0,2954768,0.068499997,0,7223774,2.444785513
New Hampshire,2017,405186,959384,573653,1359076,0,0.075000003,1938223,1.426132902
New Jersey,2017,4761,14163269,2109930,9176713,0.066249996,0.115000002,16277960,1.773833398
New Mexico,2017,81694,3057267,89708,2101111,0.048749998,0.059,3228669,1.536648468
New York,2017,0,25362584,4026353,20187407,0.039999999,0.072499998,29388937,1.455805443
North Carolina,2017,0,11698702,757041,10172498,0.047499999,0.022500001,12455743,1.224452735
North Dakota,2017,4401,1349428,60871,766807,0.050000001,0.043099999,1414700,1.844923168
Ohio,2017,0,18743014,8833,11737959,0.057500001,0,18751847,1.597538976
Oklahoma,2017,0,3764852,157936,3920316,0.045000002,0.039999999,3922788,1.000630561
Oregon,2017,20065,1523790,633046,4147171,0,0.075999998,2176901,0.524912284
Pennsylvania,2017,43360,20173496,2344344,12945701,0.059999999,0.079899997,22561200,1.742756147
Rhode Island,2017,2633,1691782,129732,1085105,0.07,0.07,1824147,1.68107879
South Carolina,2017,37518,4637349,340327,4963742,0.059999999,0.050000001,5015194,1.010365567
South Dakota,2017,0,1517856,30728,870094,0.041999999,0,1548584,1.77978931
Tennessee,2017,0,10010965,1726223,6740060,0.07,0.064999998,11737188,1.74140705
Texas,2017,0,46897352,0,28188852,0.0625,0,46897352,1.663684353
Utah,2017,0,3408030,326592,3126779,0.061000001,0.045499999,3734622,1.194399092
Vermont,2017,1056635,1058569,111186,639087,0.059999999,0.085000001,2226390,3.483704097
Virginia,2017,31232,6916097,826961,8503046,0.052999999,0.059999999,7774290,0.914294713
Washington,2017,2097507,19173580,0,7447469,0.064999998,0,21271087,2.856149787
West Virginia,2017,7248,2672887,116305,1822742,0.059999999,0.064999998,2796440,1.534194088
Wisconsin,2017,132022,7972959,959699,5836809,0.050000001,0.079000004,9064680,1.553019809
Wyoming,2017,274005,762588,0,576240,0.039999999,0,1036593,1.798891087
Alabama,2016,362515,5185248,473736,4931579,0.039999999,0.064999998,6021499,1.221008322
Alaska,2016,111736,260846,67457,743397,0,0.093999997,440039,0.591930019
Arizona,2016,943008,8964846,570548,6793278,0.056000002,0.048999999,10478402,1.542466244
Arkansas,2016,1097908,4590072,450159,2980475,0.064999998,0.043000001,6138139,2.05944992
California,2016,2513157,51602180,9902185,39223789,0.072499998,0.088399999,64017522,1.632109585
Colorado,2016,0,4989402,626109,5528510,0.028999999,0.044,5615511,1.01573679
Connecticut,2016,0,6518905,765492,3607614,0.063500002,0.082500003,7284397,2.01917306
Delaware,2016,0,539193,318152,953146,0,0.086999997,857345,0.89948969
Florida,2016,0,31296426,2272230,20533473,0.059999999,0.055,33568656,1.634826023
Georgia,2016,961881,8409384,981002,10318636,0.039999999,0.0539,10352267,1.003259249
Hawaii,2016,0,4315902,108169,1456816,0.039999999,0.064000003,4424071,3.036808355
Idaho,2016,0,2120946,188996,1697093,0.059999999,0.056949999,2309942,1.361116922
Illinois,2016,60814,18524264,2742812,12944999,0.0625,0.094999999,21327890,1.64757757
Indiana,2016,10699,10688193,1034367,6658719,0.07,0.048999999,11733259,1.762089525
Iowa,2016,1410,4597957,376865,3149607,0.059999999,0.071000002,4976232,1.579953308
Kansas,2016,663841,4324953,391877,2927251,0.064999998,0.064999998,5380671,1.838131066
Kentucky,2016,577544,5603120,606840,4457755,0.059999999,0.050000001,6787504,1.522628319
Louisiana,2016,62273,5351241,171579,4685576,0.050000001,0.055,5585093,1.191975757
Maine,2016,35425,2077913,137492,1340292,0.055,0.089299999,2250830,1.679357931
Maryland,2016,748389,8939430,1129008,6080556,0.059999999,0.082500003,10816827,1.778920711
Massachusetts,2016,5818,8711293,2333892,6909664,0.0625,0.079999998,11051003,1.599354614
Michigan,2016,2060543,13331382,1052320,10017194,0.059999999,0.059999999,16444245,1.64160193
Minnesota,2016,849824,10120647,1515697,5557028,0.068750001,0.097999997,12486168,2.246914718
Mississippi,2016,26725,4777794,463111,2984364,0.07,0.050000001,5267630,1.765076244
Missouri,2016,30892,5302264,328736,6093343,0.04225,0.039999999,5661892,0.929193055
Montana,2016,278497,562474,118969,1045768,0,0.067500003,959940,0.917928259
Nebraska,2016,123,2362718,307672,1921616,0.055,0.052000001,2670513,1.389722504
Nevada,2016,280055,6347777,0,2904614,0.068499997,0,6627832,2.281828842
New Hampshire,2016,406394,984693,700237,1351178,0,0.075000003,2091324,1.547778309
New Jersey,2016,4638,13173332,2229487,9122374,0.066249996,0.115000002,15407457,1.688974493
New Mexico,2016,37084,2930004,92876,2099682,0.048749998,0.059,3059964,1.457346398
New York,2016,0,24790016,4181811,20148134,0.039999999,0.072499998,28971827,1.437940953
North Carolina,2016,0,11149894,1066511,10072775,0.047499999,0.022500001,12216405,1.212814244
North Dakota,2016,3910,1496824,103069,764781,0.050000001,0.043099999,1603803,2.097074849
Ohio,2016,0,18231168,33235,11702354,0.057500001,0,18264403,1.560746069
Oklahoma,2016,0,3778399,327783,3916688,0.045000002,0.039999999,4106182,1.048381183
Oregon,2016,20587,1431182,633871,4093165,0,0.075999998,2085640,0.509542127
Pennsylvania,2016,43124,19284374,2456231,12918673,0.059999999,0.079899997,21783729,1.686220326
Rhode Island,2016,2544,1665438,144269,1082431,0.07,0.07,1812251,1.674241591
South Carolina,2016,32670,4525200,408297,4908404,0.059999999,0.050000001,4966167,1.011768184
South Dakota,2016,0,1440041,32684,860557,0.041999999,0,1472725,1.711362525
Tennessee,2016,0,9704247,1538649,6673101,0.07,0.064999998,11242896,1.684808307
Texas,2016,0,46370776,0,27825975,0.0625,0,46370776,1.666456467
Utah,2016,0,3031819,333358,3064277,0.061000001,0.045499999,3365177,1.098196083
Vermont,2016,1056323,1031257,129899,636397,0.059999999,0.085000001,2217479,3.484427174
Virginia,2016,30367,6879901,752689,8445270,0.052999999,0.059999999,7662957,0.907366727
Washington,2016,2062065,17636032,0,7316788,0.064999998,0,19698097,2.69217818
West Virginia,2016,6957,2566690,144680,1835935,0.059999999,0.064999998,2718327,1.48062268
Wisconsin,2016,170537,7763441,986785,5812814,0.050000001,0.079000004,8920763,1.534672019
Wyoming,2016,338776,820146,0,582007,0.039999999,0,1158922,1.991250964
Alabama,2015,336825,4936049,533586,4909177,0.039999999,0.064999998,5806460,1.182776665
Alaska,2015,127821,255971,227852,739120,0,0.093999997,611644,0.827530036
Arizona,2015,882643,7885555,690960,6705607,0.056000002,0.048999999,9459158,1.410634116
Arkansas,2015,1066789,4410340,476553,2970210,0.064999998,0.043000001,5953682,2.004465004
California,2015,2315507,52412360,9007182,38966939,0.072499998,0.088399999,63735049,1.635618569
Colorado,2015,0,4744644,669054,5441452,0.028999999,0.044,5413698,0.994899523
Connecticut,2015,0,6554350,650014,3611891,0.063500002,0.082500003,7204364,1.994623869
Delaware,2015,0,498557,400746,944716,0,0.086999997,899303,0.951929469
Florida,2015,0,30336316,2237500,20140379,0.059999999,0.055,32573816,1.61733878
Georgia,2015,863586,7555865,1000536,10191912,0.039999999,0.0539,9419987,0.924261022
Hawaii,2015,0,4082196,72249,1446452,0.039999999,0.064000003,4154445,2.872162367
Idaho,2015,0,1941280,217082,1663458,0.059999999,0.056949999,2158362,1.297515176
Illinois,2015,60959,17641282,4054267,12963110,0.0625,0.094999999,21756508,1.678340151
Indiana,2015,8834,10639926,903572,6628925,0.07,0.048999999,11552332,1.74271575
Iowa,2015,1772,4268628,463238,3136310,0.059999999,0.071000002,4733638,1.509301695
Kansas,2015,658758,3977806,458306,2922703,0.064999998,0.064999998,5094870,1.743204835
Kentucky,2015,563435,5450451,751910,4443778,0.059999999,0.050000001,6765796,1.522532404
Louisiana,2015,56658,5285626,253650,4670550,0.050000001,0.055,5595934,1.198131698
Maine,2015,37028,1999051,168966,1335768,0.055,0.089299999,2205045,1.650769445
Maryland,2015,738170,8450318,1003588,6050280,0.059999999,0.082500003,10192076,1.684562698
Massachusetts,2015,5311,8274172,2227381,6866661,0.0625,0.079999998,10506864,1.530127088
Michigan,2015,1963036,13124461,1185568,9987448,0.059999999,0.059999999,16273065,1.629351662
Minnesota,2015,839487,9953411,1476629,5510593,0.068750001,0.097999997,12269527,2.226534785
Mississippi,2015,25961,4873777,534547,2985000,0.07,0.050000001,5434285,1.820530988
Missouri,2015,30265,5084211,425776,6077056,0.04225,0.039999999,5540252,0.911667097
Montana,2015,268057,603200,168039,1034544,0,0.067500003,1039296,1.004593328
Nebraska,2015,119,2315830,344477,1904766,0.055,0.052000001,2660426,1.396720647
Nevada,2015,242168,6038768,0,2855986,0.068499997,0,6280936,2.199218063
New Hampshire,2015,404579,970102,576679,1343764,0,0.075000003,1951360,1.452159754
New Jersey,2015,4547,12951867,2579391,9079218,0.066249996,0.115000002,15535805,1.711139109
New Mexico,2015,108803,2995689,249947,2096056,0.048749998,0.059,3354439,1.600357529
New York,2015,0,23932516,5084187,20087023,0.039999999,0.072499998,29016703,1.444549698
North Carolina,2015,0,10733859,1330223,9962464,0.047499999,0.022500001,12064082,1.210953636
North Dakota,2015,3505,1935816,186039,762814,0.050000001,0.043099999,2125360,2.786210007
Ohio,2015,0,17214404,2586,11674622,0.057500001,0,17216990,1.474736398
Oklahoma,2015,0,4032088,388530,3900900,0.045000002,0.039999999,4420618,1.13323028
Oregon,2015,20336,1498647,621727,4018453,0,0.075999998,2140710,0.53271993
Pennsylvania,2015,41860,18369808,2510136,12899169,0.059999999,0.079899997,20921804,1.621949755
Rhode Island,2015,2480,1620523,176336,1077555,0.07,0.07,1799339,1.66983495
South Carolina,2015,26394,4845230,377329,4850136,0.059999999,0.050000001,5248953,1.082228004
South Dakota,2015,0,1372682,4334,852029,0.041999999,0,1377016,1.616160952
Tennessee,2015,0,9196721,1400973,6613679,0.07,0.064999998,10597694,1.602390137
Texas,2015,0,47654184,0,27394564,0.0625,0,47654184,1.739548912
Utah,2015,0,2766724,368681,3000449,0.061000001,0.045499999,3135405,1.044978602
Vermont,2015,1035611,1026188,112643,635912,0.059999999,0.085000001,2174442,3.419407088
Virginia,2015,32712,6495087,817851,8390494,0.052999999,0.059999999,7345650,0.875472886
Washington,2015,2018393,16241234,0,7181417,0.064999998,0,18259627,2.542621742
West Virginia,2015,6679,2619323,188758,1846270,0.059999999,0.064999998,2814760,1.524565746
Wisconsin,2015,165155,7647097,1032411,5794536,0.050000001,0.079000004,8844663,1.526379852
Wyoming,2015,318569,994850,0,583671,0.039999999,0,1313419,2.250272842
