state,year,property_tax,sales_tax,income_tax_total,individual_income_tax,corporate_income_tax,total_tax
Alabama,2025,653667.0,8363411,7923704.0,5799729.0,2123975.0,16940782.0
Alaska,2025,133795.0,335544,365420.0,0.0,365420.0,834759.0
Arizona,2025,1431360.0,17229729,7240909.0,5490362.0,1750547.0,25901998.0
Arkansas,2025,1622378.0,6910963,3380189.0,2735758.0,644431.0,11913530.0
California,2025,3684685.0,75416611,168110119.0,128687029.0,39423090.0,247211415.0
Colorado,2025,0.0,8244700,11169641.0,8815538.0,2354103.0,19414341.0
Connecticut,2025,0.0,9222486,14720693.0,11219590.0,3501103.0,23943179.0
Delaware,2025,0.0,673324,3331906.0,2754586.0,577320.0,4005230.0
Florida,2025,0.0,51013978,5821190.0,0.0,5821190.0,56835168.0
Georgia,2025,882217.0,13134644,19492485.0,16236377.0,3256108.0,33509346.0
Hawaii,2025,0.0,6470244,3698180.0,3287587.0,410593.0,10168424.0
Idaho,2025,0.0,4196827,4109339.0,3102225.0,1007114.0,8306166.0
Illinois,2025,64406.0,28776062,37829784.0,25413800.0,12415984.0,66670252.0
Indiana,2025,17133.0,16612178,9581175.0,8687238.0,893937.0,26210486.0
Iowa,2025,881.0,6354609,4588089.0,3810679.0,777410.0,10943579.0
Kansas,2025,932487.0,5650380,6038280.0,4675736.0,1362544.0,12621147.0
Kentucky,2025,839308.0,8582445,7153682.0,4809075.0,2344607.0,16575435.0
Louisiana,2025,194330.0,9352828,5637883.0,4755942.0,881941.0,15185041.0
Maine,2025,48978.0,3257518,3139529.0,2729411.0,410118.0,6446025.0
Maryland,2025,1051620.0,13308724,16590418.0,11704521.0,4885897.0,30950762.0
Massachusetts,2025,17846.0,12691895,30843337.0,24484941.0,6358396.0,43553078.0
Michigan,2025,3150368.0,19180862,15582813.0,12519952.0,3062861.0,37914043.0
Minnesota,2025,746785.0,13744622,19887344.0,13957697.0,5929647.0,34378751.0
Mississippi,2025,30151.0,7404338,2875471.0,2371353.0,504118.0,10309960.0
Missouri,2025,47546.0,7796452,9368790.0,7783245.0,1585545.0,17212788.0
Montana,2025,459133.0,930226,2628315.0,2306589.0,321726.0,4017674.0
Nebraska,2025,124.0,3808228,3255019.0,2179934.0,1075085.0,7063371.0
Nevada,2025,2001867.0,10734472,0.0,0.0,0.0,12736339.0
New Hampshire,2025,413650.0,1049883,1202177.0,91186.0,1110991.0,2665710.0
New Jersey,2025,4902.0,20365736,29444600.0,21007331.0,8437269.0,49815238.0
New Mexico,2025,125895.0,6172895,3300387.0,2518358.0,782029.0,9599177.0
New York,2025,0.0,35426894,87991791.0,61201732.0,26790059.0,123418685.0
North Carolina,2025,0.0,18949381,18665675.0,17090797.0,1574878.0,37615056.0
North Dakota,2025,5979.0,1928554,761690.0,425441.0,336249.0,2696223.0
Ohio,2025,0.0,25627992,10980087.0,10979911.0,176.0,36608079.0
Oklahoma,2025,0.0,5428981,5526994.0,4887199.0,639795.0,10955975.0
Oregon,2025,21570.0,4016711,14580614.0,13072992.0,1507622.0,18618895.0
Pennsylvania,2025,44834.0,28320440,22311642.0,17868796.0,4442846.0,50676916.0
Rhode Island,2025,5090.0,2867761,2359690.0,1828456.0,531234.0,5232541.0
South Carolina,2025,108728.0,9922647,8191340.0,6753932.0,1437408.0,18222715.0
South Dakota,2025,0.0,2233917,59918.0,0.0,59918.0,2293835.0
Tennessee,2025,0.0,20297753,2588830.0,2088.0,2586742.0,22886583.0
Texas,2025,0.0,77926644,0.0,0.0,0.0,77926644.0
Utah,2025,0.0,5909550,7617822.0,6054453.0,1563369.0,13527372.0
Vermont,2025,1491794.0,1592618,1685016.0,1399018.0,285998.0,4769428.0
Virginia,2025,55736.0,14984487,23477256.0,19026734.0,4450522.0,38517479.0
Washington,2025,4714436.0,29349505,545712.0,545712.0,0.0,34609653.0
West Virginia,2025,10307.0,3639910,2532615.0,2156396.0,376219.0,6182832.0
Wisconsin,2025,70206.0,10723736,12940141.0,10219016.0,2721125.0,23734083.0
Wyoming,2025,392048.0,1216427,0.0,0.0,0.0,1608475.0
Alabama,2024,620698.0,8080863,7463209.0,5281413.0,2181796.0,16164770.0
Alaska,2024,130855.0,322606,389125.0,0.0,389125.0,842586.0
Arizona,2024,1357144.0,16497040,6593551.0,4808643.0,1784908.0,24447735.0
Arkansas,2024,1515978.0,6815000,3732270.0,2759813.0,972457.0,12063248.0
California,2024,3558041.0,74065328,164509965.0,123101651.0,41408314.0,242133334.0
Colorado,2024,0.0,8136841,10115918.0,7521114.0,2594804.0,18252759.0
Connecticut,2024,0.0,9177916,13237041.0,10034028.0,3203013.0,22414957.0
Delaware,2024,0.0,658914,3070864.0,2533018.0,537846.0,3729778.0
Florida,2024,0.0,50501721,6045890.0,0.0,6045890.0,56547611.0
Georgia,2024,862884.0,12321555,19635627.0,16020674.0,3614953.0,32820066.0
Hawaii,2024,0.0,6294856,3795096.0,3280508.0,514588.0,10089952.0
Idaho,2024,0.0,4052036,4056255.0,2885574.0,1170681.0,8108291.0
Illinois,2024,73342.0,27667838,35295568.0,22629801.0,12665767.0,63036748.0
Indiana,2024,15285.0,16177074,9061329.0,8096200.0,965129.0,25253688.0
Iowa,2024,837.0,6241197,5293280.0,3760179.0,1533101.0,11535314.0
Kansas,2024,952523.0,5657731,5969395.0,4503615.0,1465780.0,12579649.0
Kentucky,2024,808162.0,8618915,7056636.0,5015585.0,2041051.0,16483713.0
Louisiana,2024,131236.0,8623574,5896980.0,4882451.0,1014529.0,14651790.0
Maine,2024,39993.0,3196236,2858702.0,2398949.0,459753.0,6094931.0
Maryland,2024,994776.0,12673025,15496879.0,10647833.0,4849046.0,29164680.0
Massachusetts,2024,15416.0,12302201,28425442.0,22134838.0,6290604.0,40743059.0
Michigan,2024,2811062.0,18366780,14743581.0,11558731.0,3184850.0,35921423.0
Minnesota,2024,731865.0,13575926,19149541.0,13274070.0,5875471.0,33457332.0
Mississippi,2024,30361.0,6845576,3045600.0,2327803.0,717797.0,9921537.0
Missouri,2024,46136.0,7583232,9400085.0,7747560.0,1652525.0,17029453.0
Montana,2024,481087.0,889321,2556940.0,2246570.0,310370.0,3927348.0
Nebraska,2024,126.0,3678029,4207280.0,2482372.0,1724908.0,7885435.0
Nevada,2024,1816136.0,11410872,0.0,0.0,0.0,13227008.0
New Hampshire,2024,410549.0,1020509,1401979.0,183359.0,1218620.0,2833037.0
New Jersey,2024,4964.0,19709604,27091457.0,18880484.0,8210973.0,46806025.0
New Mexico,2024,125960.0,5927262,2781940.0,2171700.0,610240.0,8835162.0
New York,2024,0.0,35112330,77058114.0,53840077.0,23218037.0,112170444.0
North Carolina,2024,0.0,18223858,18223476.0,16664704.0,1558772.0,36447334.0
North Dakota,2024,5818.0,1881912,612922.0,356475.0,256447.0,2500652.0
Ohio,2024,0.0,25290341,10020919.0,10020706.0,213.0,35311260.0
Oklahoma,2024,0.0,5630902,5202631.0,4511353.0,691278.0,10833533.0
Oregon,2024,20734.0,3942940,11223340.0,9538119.0,1685221.0,15187014.0
Pennsylvania,2024,44073.0,27610030,22035563.0,17079032.0,4956531.0,49689666.0
Rhode Island,2024,5364.0,2859059,2188794.0,1593218.0,595576.0,5053217.0
South Carolina,2024,92821.0,9497669,7496591.0,6145430.0,1351161.0,17087081.0
South Dakota,2024,0.0,2258095,60718.0,0.0,60718.0,2318813.0
Tennessee,2024,0.0,18157169,3050692.0,2123.0,3048569.0,21207861.0
Texas,2024,0.0,74958280,0.0,0.0,0.0,74958280.0
Utah,2024,0.0,5719110,7169556.0,5719610.0,1449946.0,12888666.0
Vermont,2024,1307255.0,1544093,1498470.0,1243069.0,255401.0,4349818.0
Virginia,2024,45114.0,14316563,21473737.0,17637351.0,3836386.0,35835414.0
Washington,2024,4614073.0,28367381,350447.0,350447.0,0.0,33331901.0
West Virginia,2024,9350.0,3546594,2735322.0,2269859.0,465463.0,6291266.0
Wisconsin,2024,91171.0,10448203,12143294.0,9487251.0,2656043.0,22682668.0
Wyoming,2024,401751.0,1223689,0.0,0.0,0.0,1625440.0
Alabama,2023,553812.0,7929086,7277674.0,5119611.0,2158063.0,15760572.0
Alaska,2023,128961.0,292255,444240.0,0.0,444240.0,865456.0
Arizona,2023,1304903.0,15654686,7045863.0,5239526.0,1806337.0,24005452.0
Arkansas,2023,1424090.0,6668614,3985931.0,2930657.0,1055274.0,12078635.0
California,2023,3400425.0,72490025,126315948.0,96379294.0,29936654.0,202206398.0
Colorado,2023,0.0,7986279,9122905.0,6780832.0,2342073.0,17109184.0
Connecticut,2023,0.0,8813018,12878478.0,9584927.0,3293551.0,21691496.0
Delaware,2023,0.0,646541,2997021.0,2425836.0,571185.0,3643562.0
Florida,2023,0.0,49680636,5522370.0,0.0,5522370.0,55203006.0
Georgia,2023,831799.0,11397058,20778117.0,16970544.0,3807573.0,33006974.0
Hawaii,2023,0.0,6256481,3447778.0,3099978.0,347800.0,9704259.0
Idaho,2023,0.0,3922670,3176180.0,2141870.0,1034310.0,7098850.0
Illinois,2023,70799.0,26911046,36662470.0,23264505.0,13397965.0,63644315.0
Indiana,2023,15463.0,16574666,8806491.0,7575900.0,1230591.0,25396620.0
Iowa,2023,775.0,6226006,5473073.0,4635011.0,838062.0,11699854.0
Kansas,2023,881689.0,5677245,6068526.0,4507007.0,1561519.0,12627460.0
Kentucky,2023,790911.0,8349625,7248274.0,6037886.0,1210388.0,16388810.0
Louisiana,2023,98440.0,8499133,5902877.0,4678963.0,1223914.0,14500450.0
Maine,2023,43924.0,3093237,2933175.0,2481964.0,451211.0,6070336.0
Maryland,2023,1069368.0,12642045,14088630.0,9711372.0,4377258.0,27800043.0
Massachusetts,2023,14073.0,12165804,26479758.0,19753739.0,6726019.0,38659635.0
Michigan,2023,2716683.0,18114947,14702489.0,11516497.0,3185992.0,35534119.0
Minnesota,2023,774847.0,12947044,18639011.0,13250842.0,5388169.0,32360902.0
Mississippi,2023,31158.0,6821686,3277033.0,2459002.0,818031.0,10129877.0
Missouri,2023,41766.0,7011074,9589128.0,8677784.0,911344.0,16641968.0
Montana,2023,388902.0,911905,2594794.0,2286844.0,307950.0,3895601.0
Nebraska,2023,129.0,3399819,3698917.0,3005952.0,692965.0,7098865.0
Nevada,2023,1492323.0,11037458,0.0,0.0,0.0,12529781.0
New Hampshire,2023,306000.0,1039064,1421035.0,149485.0,1271550.0,2766099.0
New Jersey,2023,5068.0,19875644,27202053.0,18506010.0,8696043.0,47082765.0
New Mexico,2023,117069.0,5343297,3089013.0,2646300.0,442713.0,8549379.0
New York,2023,0.0,33070584,83092248.0,58775670.0,24316578.0,116162832.0
North Carolina,2023,0.0,17753703,18495763.0,16855693.0,1640070.0,36249466.0
North Dakota,2023,5490.0,1824505,819581.0,495437.0,324144.0,2649576.0
Ohio,2023,0.0,25219847,11310492.0,11310241.0,251.0,36530339.0
Oklahoma,2023,0.0,5560003,5168516.0,4393714.0,774802.0,10728519.0
Oregon,2023,21450.0,4229398,14791650.0,13173132.0,1618518.0,19042498.0
Pennsylvania,2023,46214.0,27083929,22715373.0,17006745.0,5708628.0,49845516.0
Rhode Island,2023,4763.0,2951639,2082134.0,1611789.0,470345.0,5038536.0
South Carolina,2023,96834.0,7459355,7139201.0,5782274.0,1356927.0,14695390.0
South Dakota,2023,0.0,2226224,48070.0,0.0,48070.0,2274294.0
Tennessee,2023,0.0,17767575,3159327.0,2926.0,3156401.0,20926902.0
Texas,2023,0.0,74143768,0.0,0.0,0.0,74143768.0
Utah,2023,0.0,5582038,7359052.0,5915817.0,1443235.0,12941090.0
Vermont,2023,1210786.0,1492253,1510192.0,1210585.0,299607.0,4213231.0
Virginia,2023,49635.0,14028519,21014676.0,16645280.0,4369396.0,35092830.0
Washington,2023,4484192.0,28128280,846835.0,846835.0,0.0,33459307.0
West Virginia,2023,7702.0,3465335,3113533.0,2693568.0,419965.0,6586570.0
Wisconsin,2023,97109.0,10356276,11859170.0,9191233.0,2667937.0,22312555.0
Wyoming,2023,476952.0,1153165,0.0,0.0,0.0,1630117.0
Alabama,2022,495753.0,7540587,7563326.0,5468228.0,2095098.0,15599666.0
Alaska,2022,125219.0,270644,413175.0,0.0,413175.0,809038.0
Arizona,2022,1254846.0,13380245,8693348.0,7529879.0,1163469.0,23328439.0
Arkansas,2022,1318147.0,6216131,4544583.0,3717880.0,826703.0,12078861.0
California,2022,2986154.0,71677492,192195516.0,146190014.0,46005502.0,266859162.0
Colorado,2022,0.0,7856911,13194479.0,11685999.0,1508480.0,21051390.0
Connecticut,2022,0.0,8327840,13507239.0,9861264.0,3645975.0,21835079.0
Delaware,2022,0.0,644552,2903928.0,2405043.0,498885.0,3548480.0
Florida,2022,0.0,47015449,3780770.0,0.0,3780770.0,50796219.0
Georgia,2022,799564.0,11405066,20796528.0,18286845.0,2509683.0,33001158.0
Hawaii,2022,0.0,5647969,4074729.0,3759856.0,314873.0,9722698.0
Idaho,2022,0.0,3594947,3635505.0,2594552.0,1040953.0,7230452.0
Illinois,2022,68795.0,25814374,33394322.0,22364816.0,11029506.0,59277491.0
Indiana,2022,15898.0,15081598,9720743.0,8181200.0,1539543.0,24818239.0
Iowa,2022,2110.0,5807099,5834787.0,4974623.0,860164.0,11643996.0
Kansas,2022,841790.0,5539663,5704392.0,4836130.0,868262.0,12085845.0
Kentucky,2022,725415.0,7718476,7349096.0,6180726.0,1168370.0,15792987.0
Louisiana,2022,94860.0,7741107,5518637.0,4478708.0,1039929.0,13354604.0
Maine,2022,45023.0,2992389,3006721.0,2590903.0,415818.0,6044133.0
Maryland,2022,930810.0,12139837,14370564.0,11267206.0,3103358.0,27441211.0
Massachusetts,2022,12996.0,11405267,28955166.0,22098143.0,6857023.0,40373429.0
Michigan,2022,2535211.0,17017985,16163098.0,12879815.0,3283283.0,35716294.0
Minnesota,2022,773877.0,12092155,19860533.0,14589739.0,5270794.0,32726565.0
Mississippi,2022,29025.0,6244106,3248506.0,2537787.0,710719.0,9521637.0
Missouri,2022,39591.0,6473966,9694630.0,8942661.0,751969.0,16208187.0
Montana,2022,359844.0,867006,2678206.0,2387008.0,291198.0,3905056.0
Nebraska,2022,122.0,3285152,3954644.0,3239491.0,715153.0,7239918.0
Nevada,2022,1399442.0,10656850,0.0,0.0,0.0,12056292.0
New Hampshire,2022,406541.0,956510,1366620.0,153620.0,1213000.0,2729671.0
New Jersey,2022,5068.0,19740884,29290446.0,20630297.0,8660149.0,49036398.0
New Mexico,2022,116584.0,4366174,2662951.0,2172165.0,490786.0,7145709.0
New York,2022,0.0,30738471,94422571.0,70737342.0,23685229.0,125161042.0
North Carolina,2022,0.0,16473702,19303124.0,17672005.0,1631119.0,35776826.0
North Dakota,2022,5322.0,1586316,702126.0,472925.0,229201.0,2293764.0
Ohio,2022,0.0,24014162,11247715.0,11246994.0,721.0,35261877.0
Oklahoma,2022,0.0,5376013,4969501.0,4157808.0,811693.0,10345514.0
Oregon,2022,22884.0,3955161,13261860.0,11772886.0,1488974.0,17239905.0
Pennsylvania,2022,39729.0,25727120,22389126.0,17381999.0,5007127.0,48155975.0
Rhode Island,2022,4135.0,2361483,2227453.0,1939003.0,288450.0,4593071.0
South Carolina,2022,86957.0,7087474,8059011.0,6854835.0,1204176.0,15233442.0
South Dakota,2022,0.0,2067055,61818.0,0.0,61818.0,2128873.0
Tennessee,2022,0.0,16682886,3008777.0,9480.0,2999297.0,19691663.0
Texas,2022,0.0,67005758,0.0,0.0,0.0,67005758.0
Utah,2022,0.0,5257859,7747848.0,6812367.0,935481.0,13005707.0
Vermont,2022,1235599.0,1391177,1508701.0,1268299.0,240402.0,4135477.0
Virginia,2022,54712.0,12931327,22384176.0,19732749.0,2651427.0,35370215.0
Washington,2022,4399803.0,26739775,0.0,0.0,0.0,31139578.0
West Virginia,2022,7908.0,3201145,2869144.0,2502828.0,366316.0,6078197.0
Wisconsin,2022,88838.0,9877449,11922098.0,8994997.0,2927101.0,21888385.0
Wyoming,2022,268292.0,1177747,0.0,0.0,0.0,1446039.0
Alabama,2021,468015.0,7014522,6043093.0,4908837.0,1134256.0,13525630.0
Alaska,2021,120028.0,267842,124987.0,0.0,124987.0,512857.0
Arizona,2021,1266990.0,11249699,7438706.0,6532753.0,905953.0,19955395.0
Arkansas,2021,1308040.0,5752828,4085598.0,3467141.0,618457.0,11146466.0
California,2021,3151488.0,64367044,172421856.0,146324579.0,26097277.0,239940388.0
Colorado,2021,0.0,6994813,11524577.0,10246531.0,1278046.0,18519390.0
Connecticut,2021,0.0,8148270,12866247.0,10259183.0,2607064.0,21014517.0
Delaware,2021,0.0,587923,2483094.0,2148289.0,334805.0,3071017.0
Florida,2021,0.0,38522113,3407190.0,0.0,3407190.0,41929303.0
Georgia,2021,732325.0,10257930,15971641.0,14220906.0,1750735.0,26961896.0
Hawaii,2021,0.0,4147624,3546116.0,3354690.0,191426.0,7693740.0
Idaho,2021,0.0,3180226,2809422.0,2457943.0,351479.0,5989648.0
Illinois,2021,59589.0,23486335,27600197.0,21870696.0,5729501.0,51146121.0
Indiana,2021,13876.0,13847723,11964087.0,10578929.0,1385158.0,25825686.0
Iowa,2021,2024.0,5522117,5060175.0,4266534.0,793641.0,10584316.0
Kansas,2021,815701.0,4970129,5344578.0,4617143.0,727435.0,11130408.0
Kentucky,2021,707461.0,7088138,6138893.0,5212818.0,926075.0,13934492.0
Louisiana,2021,103750.0,6853513,4520855.0,3933108.0,587747.0,11478118.0
Maine,2021,44636.0,2629517,2359590.0,2075273.0,284317.0,5033743.0
Maryland,2021,893215.0,10587203,12026945.0,10186240.0,1840705.0,23507363.0
Massachusetts,2021,10368.0,10427871,23356481.0,19683486.0,3672995.0,33794720.0
Michigan,2021,2396416.0,15925763,13495663.0,11999165.0,1496498.0,31817842.0
Minnesota,2021,809160.0,11204458,17593996.0,15170613.0,2423383.0,29607614.0
Mississippi,2021,29885.0,5732309,3065829.0,2515630.0,550199.0,8828023.0
Missouri,2021,37418.0,5945293,8402368.0,7715511.0,686857.0,14385079.0
Montana,2021,334759.0,768499,2157888.0,1889444.0,268444.0,3261146.0
Nebraska,2021,123.0,3040622,3701819.0,3130599.0,571220.0,6742564.0
Nevada,2021,386450.0,6955725,0.0,0.0,0.0,7342175.0
New Hampshire,2021,401407.0,1043942,1136978.0,127003.0,1009975.0,2582327.0
New Jersey,2021,5166.0,17871986,22793255.0,16833495.0,5959760.0,40670407.0
New Mexico,2021,114185.0,3848402,1351634.0,1198906.0,152728.0,5314221.0
New York,2021,0.0,26018886,59641803.0,54531166.0,5110637.0,85660689.0
North Carolina,2021,0.0,14586128,17423701.0,15908051.0,1515650.0,32009829.0
North Dakota,2021,5207.0,1426888,604162.0,448704.0,155458.0,2036257.0
Ohio,2021,0.0,22148518,10668765.0,10662810.0,5955.0,32817283.0
Oklahoma,2021,0.0,4975670,4368893.0,3767669.0,601224.0,9344563.0
Oregon,2021,25127.0,3514217,12480427.0,11256904.0,1223523.0,16019771.0
Pennsylvania,2021,40395.0,24448865,20023246.0,15977933.0,4045313.0,44512506.0
Rhode Island,2021,3864.0,2131988,2015621.0,1757678.0,257943.0,4151473.0
South Carolina,2021,78975.0,6226021,6196557.0,5456360.0,740197.0,12501553.0
South Dakota,2021,0.0,1783982,53960.0,0.0,53960.0,1837942.0
Tennessee,2021,0.0,14492861,2743837.0,179379.0,2564458.0,17236698.0
Texas,2021,0.0,56646008,0.0,0.0,0.0,56646008.0
Utah,2021,0.0,4519388,7418368.0,6672695.0,745673.0,11937756.0
Vermont,2021,1203059.0,1247617,1399998.0,1233157.0,166841.0,3850674.0
Virginia,2021,43332.0,11719392,18645899.0,17066596.0,1579303.0,30408623.0
Washington,2021,4350245.0,24013256,0.0,0.0,0.0,28363501.0
West Virginia,2021,8122.0,2968554,2574275.0,2253788.0,320487.0,5550951.0
Wisconsin,2021,95757.0,9184622,11553157.0,9035988.0,2517169.0,20833536.0
Wyoming,2021,295925.0,927089,0.0,0.0,0.0,1223014.0
Alabama,2020,445584.0,6274912,5028324.0,4274052.0,754272.0,11748820.0
Alaska,2020,125696.0,255206,194663.0,0.0,194663.0,575565.0
Arizona,2020,1096339.0,10746188,5053472.0,4530410.0,523062.0,16895999.0
Arkansas,2020,1207396.0,5137583,3383968.0,2914939.0,469029.0,9728947.0
California,2020,3063367.0,63554860,94230200.0,84412243.0,9817957.0,160848427.0
Colorado,2020,0.0,6011981,8235796.0,7539184.0,696612.0,14247777.0
Connecticut,2020,0.0,7468451,10239719.0,8177456.0,2062263.0,17708170.0
Delaware,2020,0.0,585504,1930761.0,1685848.0,244913.0,2516265.0
Florida,2020,0.0,35167486,2481710.0,0.0,2481710.0,37649196.0
Georgia,2020,662443.0,9538551,12688415.0,11704328.0,984087.0,22889409.0
Hawaii,2020,0.0,4923969,2402772.0,2359093.0,43679.0,7326741.0
Idaho,2020,0.0,2714828,2159428.0,1913459.0,245969.0,4874256.0
Illinois,2020,59589.0,20650013,21448044.0,17956356.0,3491688.0,42157646.0
Indiana,2020,13881.0,12506535,9060144.0,8303278.0,756866.0,21580560.0
Iowa,2020,1815.0,4958143,4580513.0,3960027.0,620486.0,9540471.0
Kansas,2020,783279.0,4598189,3813961.0,3380030.0,433931.0,9195429.0
Kentucky,2020,654791.0,6539197,5470599.0,4831399.0,639200.0,12664587.0
Louisiana,2020,90472.0,6174643,4366639.0,3916190.0,450449.0,10631754.0
Maine,2020,42626.0,2401733,2059590.0,1843459.0,216131.0,4503949.0
Maryland,2020,867051.0,9518562,12024332.0,10698876.0,1325456.0,22409945.0
Massachusetts,2020,8926.0,9489653,19947124.0,17414713.0,2532411.0,29445703.0
Michigan,2020,2373197.0,13307546,9842335.0,9029493.0,812842.0,25523078.0
Minnesota,2020,756066.0,11352902,12527608.0,10923158.0,1604450.0,24636576.0
Mississippi,2020,29387.0,5264298,2282688.0,1861263.0,421425.0,7576373.0
Missouri,2020,36525.0,5458755,6266128.0,5901668.0,364460.0,11761408.0
Montana,2020,332869.0,678835,1525034.0,1338737.0,186297.0,2536738.0
Nebraska,2020,128.0,2812655,2836811.0,2445647.0,391164.0,5649594.0
Nevada,2020,346902.0,7594926,0.0,0.0,0.0,7941828.0
New Hampshire,2020,408937.0,922118,903303.0,122631.0,780672.0,2234358.0
New Jersey,2020,4974.0,16271749,18977957.0,15412766.0,3565191.0,35254680.0
New Mexico,2020,109667.0,3950769,1323482.0,1227926.0,95556.0,5383918.0
New York,2020,0.0,28388278,58483690.0,53659401.0,4824289.0,86871968.0
North Carolina,2020,0.0,12840706,13168249.0,12505906.0,662343.0,26008955.0
North Dakota,2020,5427.0,1564960,458354.0,376864.0,81490.0,2028741.0
Ohio,2020,0.0,20327399,8288666.0,8284983.0,3683.0,28616065.0
Oklahoma,2020,0.0,4622832,3666521.0,3364947.0,301574.0,8289353.0
Oregon,2020,22633.0,1937212,9528152.0,8635668.0,892484.0,11487997.0
Pennsylvania,2020,39359.0,21445063,14882239.0,12372183.0,2510056.0,36366661.0
Rhode Island,2020,2843.0,1898767,1455159.0,1241856.0,213303.0,3356769.0
South Carolina,2020,42290.0,5381858,5600556.0,5095531.0,505025.0,11024704.0
South Dakota,2020,0.0,1678709,37459.0,0.0,37459.0,1716168.0
Tennessee,2020,0.0,13219753,1562523.0,57642.0,1504881.0,14782276.0
Texas,2020,0.0,53347554,0.0,0.0,0.0,53347554.0
Utah,2020,0.0,4232521,4094707.0,3734504.0,360203.0,8327228.0
Vermont,2020,1150268.0,1164652,904264.0,762641.0,141623.0,3219184.0
Virginia,2020,36381.0,10067447,16358821.0,14996649.0,1362172.0,26462649.0
Washington,2020,3738779.0,21763083,0.0,0.0,0.0,25501862.0
West Virginia,2020,7392.0,2818977,2099935.0,1947946.0,151989.0,4926304.0
Wisconsin,2020,101087.0,8652410,10079871.0,8494785.0,1585086.0,18833368.0
Wyoming,2020,295983.0,951816,0.0,0.0,0.0,1247799.0
Alabama,2019,422322.0,5829203,4879140.0,4194844.0,684296.0,11130665.0
Alaska,2019,121501.0,278823,332520.0,0.0,332520.0,732844.0
Arizona,2019,1091363.0,10443788,5871515.0,5357251.0,514264.0,17406666.0
Arkansas,2019,1208746.0,4920468,3546406.0,3012491.0,533915.0,9675620.0
California,2019,2977083.0,59632877,113872440.0,100079921.0,13792519.0,176482400.0
Colorado,2019,0.0,5988535,8966205.0,8171546.0,794659.0,14954740.0
Connecticut,2019,0.0,7787888,10511616.0,8445783.0,2065833.0,18299504.0
Delaware,2019,0.0,602601,2031392.0,1741418.0,289974.0,2633993.0
Florida,2019,0.0,36492076,3114711.0,0.0,3114711.0,39606787.0
Georgia,2019,864858.0,9509465,13448213.0,12176943.0,1271270.0,23822536.0
Hawaii,2019,0.0,5062134,2758743.0,2568259.0,190484.0,7820877.0
Idaho,2019,0.0,2520264,1953737.0,1668776.0,284961.0,4474001.0
Illinois,2019,60781.0,19534290,22584556.0,18762174.0,3822382.0,42179627.0
Indiana,2019,13225.0,12580882,9605266.0,8852914.0,752352.0,22199373.0
Iowa,2019,1982.0,4857865,4633614.0,4098020.0,535594.0,9493461.0
Kansas,2019,752820.0,4523724,4264874.0,3778453.0,486421.0,9541418.0
Kentucky,2019,648739.0,6311232,5391757.0,4629057.0,762700.0,12351728.0
Louisiana,2019,76050.0,6522329,4328623.0,3833235.0,495388.0,10927002.0
Maine,2019,41110.0,2327733,1961936.0,1709069.0,252867.0,4330779.0
Maryland,2019,836498.0,9895931,11368130.0,10067080.0,1301050.0,22100559.0
Massachusetts,2019,8285.0,9557950,20097631.0,17150964.0,2946667.0,29663866.0
Michigan,2019,2194160.0,14347394,11292994.0,10150323.0,1142671.0,27834548.0
Minnesota,2019,812497.0,11169575,14111719.0,12400060.0,1711659.0,26093791.0
Mississippi,2019,28362.0,5232943,2463296.0,1968485.0,494811.0,7724601.0
Missouri,2019,34022.0,5549210,6956929.0,6587919.0,369010.0,12540161.0
Montana,2019,312300.0,663096,1597960.0,1412863.0,185097.0,2573356.0
Nebraska,2019,127.0,2579592,2969418.0,2545680.0,423738.0,5549137.0
Nevada,2019,335207.0,7835623,0.0,0.0,0.0,8170830.0
New Hampshire,2019,408499.0,961594,954387.0,122622.0,831765.0,2324480.0
New Jersey,2019,5014.0,15838942,19812595.0,15903287.0,3909308.0,35656551.0
New Mexico,2019,86754.0,3684304,1792638.0,1590271.0,202367.0,5563696.0
New York,2019,0.0,27230515,52383984.0,48087389.0,4296595.0,79614499.0
North Carolina,2019,0.0,12802893,14095305.0,13258890.0,836415.0,26898198.0
North Dakota,2019,4636.0,1563632,561797.0,415274.0,146523.0,2130065.0
Ohio,2019,0.0,19372664,9320571.0,9313265.0,7306.0,28693235.0
Oklahoma,2019,0.0,4655400,3868327.0,3565449.0,302878.0,8523727.0
Oregon,2019,21310.0,1870274,10758070.0,9847141.0,910929.0,12649654.0
Pennsylvania,2019,37234.0,22140157,16479430.0,13517069.0,2962361.0,38656821.0
Rhode Island,2019,2774.0,1877924,1552958.0,1376495.0,176463.0,3433656.0
South Carolina,2019,42450.0,5241143,5155320.0,4759113.0,396207.0,10438913.0
South Dakota,2019,0.0,1614664,46295.0,0.0,46295.0,1660959.0
Tennessee,2019,0.0,12353713,1899369.0,201900.0,1697469.0,14253082.0
Texas,2019,0.0,53905367,0.0,0.0,0.0,53905367.0
Utah,2019,0.0,4017858,5501011.0,4978629.0,522382.0,9518869.0
Vermont,2019,1111956.0,1165401,1010471.0,860639.0,149832.0,3287828.0
Virginia,2019,32599.0,9425132,16164873.0,14917745.0,1247128.0,25622604.0
Washington,2019,3358585.0,21373727,0.0,0.0,0.0,24732312.0
West Virginia,2019,6900.0,2790535,2295606.0,2096807.0,198799.0,5093041.0
Wisconsin,2019,103230.0,8494026,10064400.0,8759680.0,1304720.0,18661656.0
Wyoming,2019,273518.0,953905,0.0,0.0,0.0,1227423.0
Alabama,2018,406288.0,5534807,4490316.0,3912800.0,577516.0,10431411.0
Alaska,2018,122341.0,252970,196321.0,0.0,196321.0,571632.0
Arizona,2018,1047254.0,9708694,4918318.0,4545242.0,373076.0,15674266.0
Arkansas,2018,1188905.0,4834983,3256931.0,2866175.0,390756.0,9280819.0
California,2018,2837386.0,57345108,107640534.0,95152230.0,12488304.0,167823028.0
Colorado,2018,0.0,5712243,8293045.0,7510366.0,782679.0,14005288.0
Connecticut,2018,0.0,7556076,10495390.0,9724449.0,770941.0,18051466.0
Delaware,2018,0.0,585645,1907137.0,1652335.0,254802.0,2492782.0
Florida,2018,0.0,38456615,2426900.0,0.0,2426900.0,40883515.0
Georgia,2018,927590.0,9132965,12648079.0,11643781.0,1004298.0,22708634.0
Hawaii,2018,0.0,4732032,2576863.0,2430032.0,146831.0,7308895.0
Idaho,2018,0.0,2383727,2076673.0,1835864.0,240809.0,4460400.0
Illinois,2018,59589.0,18699777,20602157.0,17282737.0,3319420.0,39361523.0
Indiana,2018,12927.0,12119558,9173644.0,8474919.0,698725.0,21306129.0
Iowa,2018,1671.0,4687073,4340423.0,3897236.0,443187.0,9029167.0
Kansas,2018,714895.0,4494809,3851644.0,3413677.0,437967.0,9061348.0
Kentucky,2018,660902.0,5714427,5248586.0,4499086.0,749500.0,11623915.0
Louisiana,2018,60172.0,6864723,3604434.0,3246226.0,358208.0,10529329.0
Maine,2018,39308.0,2250293,1790833.0,1605096.0,185737.0,4080434.0
Maryland,2018,808763.0,9567244,10540951.0,9507776.0,1033175.0,20916958.0
Massachusetts,2018,7197.0,9022362,18689278.0,16280331.0,2408947.0,27718837.0
Michigan,2018,2182188.0,14398369,11137752.0,10166720.0,971032.0,27718309.0
Minnesota,2018,818513.0,10614808,13239334.0,11882330.0,1357004.0,24672655.0
Mississippi,2018,29540.0,5030854,2290344.0,1852937.0,437407.0,7350738.0
Missouri,2018,33267.0,5539227,6843948.0,6510224.0,333724.0,12416442.0
Montana,2018,300258.0,655034,1480269.0,1304315.0,175954.0,2435561.0
Nebraska,2018,129.0,2502020,2674286.0,2360596.0,313690.0,5176435.0
Nevada,2018,317136.0,7329456,0.0,0.0,0.0,7646592.0
New Hampshire,2018,408769.0,1025902,895770.0,105759.0,790011.0,2330441.0
New Jersey,2018,5016.0,15424507,17273498.0,15037845.0,2235653.0,32703021.0
New Mexico,2018,84224.0,2874807,1182422.0,1071125.0,111297.0,4141453.0
New York,2018,0.0,26399319,54581311.0,51501337.0,3079974.0,80980630.0
North Carolina,2018,0.0,12213452,13352120.0,12609608.0,742512.0,25565572.0
North Dakota,2018,4549.0,1395503,474912.0,367635.0,107277.0,1874964.0
Ohio,2018,0.0,18348501,8707947.0,8698901.0,9046.0,27056448.0
Oklahoma,2018,0.0,4193511,3495264.0,3260447.0,234817.0,7688775.0
Oregon,2018,20116.0,1660004,9684005.0,8879552.0,804453.0,11364125.0
Pennsylvania,2018,34399.0,21034252,15287269.0,12800890.0,2486379.0,36355920.0
Rhode Island,2018,2704.0,1682021,1447270.0,1329152.0,118118.0,3131995.0
South Carolina,2018,37298.0,4948178,4836268.0,4432104.0,404164.0,9821744.0
South Dakota,2018,0.0,1585089,32376.0,0.0,32376.0,1617465.0
Tennessee,2018,0.0,11817903,1890667.0,246508.0,1644159.0,13708570.0
Texas,2018,0.0,51462209,0.0,0.0,0.0,51462209.0
Utah,2018,0.0,3857825,5122567.0,4661910.0,460657.0,8980392.0
Vermont,2018,1065767.0,1137650,930149.0,819330.0,110819.0,3133566.0
Virginia,2018,31890.0,7688302,15271376.0,14105766.0,1165610.0,22991568.0
Washington,2018,2769520.0,20327520,0.0,0.0,0.0,23097040.0
West Virginia,2018,7316.0,2727006,2060639.0,1950571.0,110068.0,4794961.0
Wisconsin,2018,101424.0,8247655,9157348.0,8237522.0,919826.0,17506427.0
Wyoming,2018,250153.0,862797,0.0,0.0,0.0,1112950.0
Alabama,2017,395930.0,5247294,4144656.0,3624543.0,520113.0,9787880.0
Alaska,2017,120805.0,263120,87775.0,0.0,87775.0,471700.0
Arizona,2017,993615.0,9214293,4499757.0,4131621.0,368136.0,14707665.0
Arkansas,2017,1137886.0,4701868,3164756.0,2767767.0,396989.0,9004510.0
California,2017,2681872.0,51360200,94309271.0,84196751.0,10112520.0,148351343.0
Colorado,2017,0.0,5277083,7320472.0,6791929.0,528543.0,12597555.0
Connecticut,2017,0.0,6991466,8856739.0,7959492.0,897247.0,15848205.0
Delaware,2017,0.0,556490,1427150.0,1180975.0,246175.0,1983640.0
Florida,2017,0.0,34089929,2383783.0,0.0,2383783.0,36473712.0
Georgia,2017,989218.0,8809190,11949591.0,10977693.0,971898.0,21747999.0
Hawaii,2017,0.0,4365856,2280441.0,2095601.0,184840.0,6646297.0
Idaho,2017,0.0,2231756,1876889.0,1660248.0,216641.0,4108645.0
Illinois,2017,63283.0,18629894,16134268.0,13256769.0,2877499.0,34827445.0
Indiana,2017,12251.0,11013349,6460790.0,5435292.0,1025498.0,17486390.0
Iowa,2017,1840.0,4613085,4087482.0,3655462.0,432020.0,8702407.0
Kansas,2017,683827.0,4301759,2714618.0,2327652.0,386966.0,7700204.0
Kentucky,2017,709772.0,5649708,4852835.0,4394185.0,458650.0,11212315.0
Louisiana,2017,70366.0,6770967,3241260.0,2949939.0,291321.0,10082593.0
Maine,2017,38643.0,2165142,1710105.0,1534866.0,175239.0,3913890.0
Maryland,2017,777064.0,9242760,10068643.0,9066709.0,1001934.0,20088467.0
Massachusetts,2017,6598.0,8809249,16920751.0,14724277.0,2196474.0,25736598.0
Michigan,2017,2124075.0,14314143,10600224.0,9404825.0,1195399.0,27038442.0
Minnesota,2017,854945.0,10607635,12183233.0,10956205.0,1227028.0,23645813.0
Mississippi,2017,27099.0,4950204,2206769.0,1798856.0,407913.0,7184072.0
Missouri,2017,31643.0,5403936,6456911.0,6149468.0,307443.0,11892490.0
Montana,2017,277615.0,620235,1305165.0,1180344.0,124821.0,2203015.0
Nebraska,2017,123.0,2407514,2492926.0,2228486.0,264440.0,4900563.0
Nevada,2017,300490.0,6923284,0.0,0.0,0.0,7223774.0
New Hampshire,2017,405186.0,959384,639120.0,65467.0,573653.0,2003690.0
New Jersey,2017,4761.0,14163269,16068049.0,13958119.0,2109930.0,30236079.0
New Mexico,2017,81694.0,3057267,1133223.0,1043515.0,89708.0,4272184.0
New York,2017,0.0,25362583,48658122.0,44631769.0,4026353.0,74020705.0
North Carolina,2017,0.0,11698702,12843373.0,12086332.0,757041.0,24542075.0
North Dakota,2017,4401.0,1349428,380378.0,319507.0,60871.0,1734207.0
Ohio,2017,0.0,18743014,8386283.0,8377450.0,8833.0,27129297.0
Oklahoma,2017,0.0,3764852,3132826.0,2974890.0,157936.0,6897678.0
Oregon,2017,20065.0,1523790,9012271.0,8379225.0,633046.0,10556126.0
Pennsylvania,2017,43360.0,20173496,14408126.0,12063782.0,2344344.0,34624982.0
Rhode Island,2017,2633.0,1691782,1368660.0,1238928.0,129732.0,3063075.0
South Carolina,2017,37518.0,4637349,4482603.0,4142276.0,340327.0,9157470.0
South Dakota,2017,0.0,1517856,30728.0,0.0,30728.0,1548584.0
Tennessee,2017,0.0,10010965,1976200.0,249977.0,1726223.0,11987165.0
Texas,2017,0.0,46897352,0.0,0.0,0.0,46897352.0
Utah,2017,0.0,3408030,4121268.0,3794676.0,326592.0,7529298.0
Vermont,2017,1056635.0,1058569,854816.0,743630.0,111186.0,2970020.0
Virginia,2017,31232.0,6916097,13879848.0,13052887.0,826961.0,20827177.0
Washington,2017,2097507.0,19173581,0.0,0.0,0.0,21271088.0
West Virginia,2017,7248.0,2672887,1930171.0,1813866.0,116305.0,4610306.0
Wisconsin,2017,132022.0,7972959,8752242.0,7792543.0,959699.0,16857223.0
Wyoming,2017,274005.0,762588,0.0,0.0,0.0,1036593.0
Alabama,2016,362515.0,5185248,3966640.0,3492904.0,473736.0,9514403.0
Alaska,2016,111736.0,260846,67457.0,0.0,67457.0,440039.0
Arizona,2016,943008.0,8964846,4539432.0,3968884.0,570548.0,14447286.0
Arkansas,2016,1097908.0,4590072,3231617.0,2781458.0,450159.0,8919597.0
California,2016,2513157.0,51602180,90655530.0,80753345.0,9902185.0,144770867.0
Colorado,2016,0.0,4989402,7111711.0,6485602.0,626109.0,12101113.0
Connecticut,2016,0.0,6518905,8322645.0,7557153.0,765492.0,14841550.0
Delaware,2016,0.0,539193,1430520.0,1112368.0,318152.0,1969713.0
Florida,2016,0.0,31296426,2272230.0,0.0,2272230.0,33568656.0
Georgia,2016,961881.0,8409384,11420536.0,10439534.0,981002.0,20791801.0
Hawaii,2016,0.0,4315902,2224299.0,2116130.0,108169.0,6540201.0
Idaho,2016,0.0,2120946,1710234.0,1521238.0,188996.0,3831180.0
Illinois,2016,60814.0,18524265,15385485.0,12642673.0,2742812.0,33970564.0
Indiana,2016,10699.0,10688193,6252533.0,5218166.0,1034367.0,16951425.0
Iowa,2016,1410.0,4597957,3930190.0,3553325.0,376865.0,8529557.0
Kansas,2016,663841.0,4324953,2623779.0,2231902.0,391877.0,7612573.0
Kentucky,2016,577544.0,5603120,4888920.0,4282080.0,606840.0,11069584.0
Louisiana,2016,62273.0,5351241,3038035.0,2866456.0,171579.0,8451549.0
Maine,2016,35425.0,2077913,1689129.0,1551637.0,137492.0,3802467.0
Maryland,2016,748389.0,8939430,9646537.0,8517529.0,1129008.0,19334356.0
Massachusetts,2016,5818.0,8711293,16764223.0,14430331.0,2333892.0,25481334.0
Michigan,2016,2060543.0,13331382,10254907.0,9202587.0,1052320.0,25646832.0
Minnesota,2016,849824.0,10120647,12248267.0,10732570.0,1515697.0,23218738.0
Mississippi,2016,26725.0,4777794,2263164.0,1800053.0,463111.0,7067683.0
Missouri,2016,30892.0,5302264,6352437.0,6023701.0,328736.0,11685593.0
Montana,2016,278497.0,562474,1300011.0,1181042.0,118969.0,2140982.0
Nebraska,2016,123.0,2362718,2552391.0,2244719.0,307672.0,4915232.0
Nevada,2016,280055.0,6347777,0.0,0.0,0.0,6627832.0
New Hampshire,2016,406394.0,984693,794195.0,93958.0,700237.0,2185282.0
New Jersey,2016,4638.0,13173332,15585479.0,13355992.0,2229487.0,28763449.0
New Mexico,2016,37084.0,2930004,1406524.0,1313648.0,92876.0,4373612.0
New York,2016,0.0,24790017,50686339.0,46504528.0,4181811.0,75476356.0
North Carolina,2016,0.0,11149894,13109468.0,12042957.0,1066511.0,24259362.0
North Dakota,2016,3910.0,1496824,454194.0,351125.0,103069.0,1954928.0
Ohio,2016,0.0,18231167,8202432.0,8169197.0,33235.0,26433599.0
Oklahoma,2016,0.0,3778399,3652437.0,3324654.0,327783.0,7430836.0
Oregon,2016,20587.0,1431182,8245616.0,7611745.0,633871.0,9697385.0
Pennsylvania,2016,43124.0,19284374,14388463.0,11932232.0,2456231.0,33715961.0
Rhode Island,2016,2544.0,1665438,1380463.0,1236194.0,144269.0,3048445.0
South Carolina,2016,32670.0,4525200,4277639.0,3869342.0,408297.0,8835509.0
South Dakota,2016,0.0,1440041,32684.0,0.0,32684.0,1472725.0
Tennessee,2016,0.0,9704247,1862601.0,323952.0,1538649.0,11566848.0
Texas,2016,0.0,46370774,0.0,0.0,0.0,46370774.0
Utah,2016,0.0,3031819,3707893.0,3374535.0,333358.0,6739712.0
Vermont,2016,1056323.0,1031257,859885.0,729986.0,129899.0,2947465.0
Virginia,2016,30367.0,6879901,12990685.0,12237996.0,752689.0,19900953.0
Washington,2016,2062065.0,17636031,0.0,0.0,0.0,19698096.0
West Virginia,2016,6957.0,2566690,1990391.0,1845711.0,144680.0,4564038.0
Wisconsin,2016,170537.0,7763441,8473461.0,7486676.0,986785.0,16407439.0
Wyoming,2016,338776.0,820146,0.0,0.0,0.0,1158922.0
Alabama,2015,336825.0,4936049,3870173.0,3336587.0,533586.0,9143047.0
Alaska,2015,127821.0,255971,227852.0,0.0,227852.0,611644.0
Arizona,2015,882643.0,7885555,4451843.0,3760883.0,690960.0,13220041.0
Arkansas,2015,1066789.0,4410340,3140706.0,2664153.0,476553.0,8617835.0
California,2015,2315507.0,52412359,86936733.0,77929551.0,9007182.0,141664599.0
Colorado,2015,0.0,4744644,7029683.0,6360629.0,669054.0,11774327.0
Connecticut,2015,0.0,6554350,8832085.0,8182071.0,650014.0,15386435.0
Delaware,2015,0.0,498557,1540994.0,1140248.0,400746.0,2039551.0
Florida,2015,0.0,30336315,2237500.0,0.0,2237500.0,32573815.0
Georgia,2015,863586.0,7555865,10679060.0,9678524.0,1000536.0,19098511.0
Hawaii,2015,0.0,4082196,2060164.0,1987915.0,72249.0,6142360.0
Idaho,2015,0.0,1941280,1695450.0,1478368.0,217082.0,3636730.0
Illinois,2015,60959.0,17641282,19968083.0,15913816.0,4054267.0,37670324.0
Indiana,2015,8834.0,10639926,6136549.0,5232977.0,903572.0,16785309.0
Iowa,2015,1772.0,4268628,3934855.0,3471617.0,463238.0,8205255.0
Kansas,2015,658758.0,3977806,2721257.0,2262951.0,458306.0,7357821.0
Kentucky,2015,563435.0,5450451,4821411.0,4069501.0,751910.0,10835297.0
Louisiana,2015,56658.0,5285626,3236754.0,2983104.0,253650.0,8579038.0
Maine,2015,37028.0,1999051,1702096.0,1533130.0,168966.0,3738175.0
Maryland,2015,738170.0,8450318,9349733.0,8346145.0,1003588.0,18538221.0
Massachusetts,2015,5311.0,8274172,16719284.0,14491903.0,2227381.0,24998767.0
Michigan,2015,1963036.0,13124461,10010943.0,8825375.0,1185568.0,25098440.0
Minnesota,2015,839487.0,9953411,11846676.0,10370047.0,1476629.0,22639574.0
Mississippi,2015,25961.0,4873777,2317985.0,1783438.0,534547.0,7217723.0
Missouri,2015,30265.0,5084211,6281907.0,5856131.0,425776.0,11396383.0
Montana,2015,268057.0,603200,1348517.0,1180478.0,168039.0,2219774.0
Nebraska,2015,119.0,2315830,2584059.0,2239582.0,344477.0,4900008.0
Nevada,2015,242168.0,6038768,0.0,0.0,0.0,6280936.0
New Hampshire,2015,404579.0,970102,672717.0,96038.0,576679.0,2047398.0
New Jersey,2015,4547.0,12951867,15829393.0,13250002.0,2579391.0,28785807.0
New Mexico,2015,108803.0,2995689,1631201.0,1381254.0,249947.0,4735693.0
New York,2015,0.0,23932517,48794019.0,43709832.0,5084187.0,72726536.0
North Carolina,2015,0.0,10733859,12527873.0,11197650.0,1330223.0,23261732.0
North Dakota,2015,3505.0,1935816,722170.0,536131.0,186039.0,2661491.0
Ohio,2015,0.0,17214405,8885559.0,8882973.0,2586.0,26099964.0
Oklahoma,2015,0.0,4032088,4029959.0,3641429.0,388530.0,8062047.0
Oregon,2015,20336.0,1498647,7930842.0,7309115.0,621727.0,9449825.0
Pennsylvania,2015,41860.0,18369809,13999110.0,11488974.0,2510136.0,32410779.0
Rhode Island,2015,2480.0,1620523,1391704.0,1215368.0,176336.0,3014707.0
South Carolina,2015,26394.0,4845230,4073030.0,3695701.0,377329.0,8944654.0
South Dakota,2015,0.0,1372682,4334.0,0.0,4334.0,1377016.0
Tennessee,2015,0.0,9196721,1703169.0,302196.0,1400973.0,10899890.0
Texas,2015,0.0,47654182,0.0,0.0,0.0,47654182.0
Utah,2015,0.0,2766724,3526399.0,3157718.0,368681.0,6293123.0
Vermont,2015,1035611.0,1026188,821953.0,709310.0,112643.0,2883752.0
Virginia,2015,32712.0,6495087,12721796.0,11903945.0,817851.0,19249595.0
Washington,2015,2018393.0,16241234,0.0,0.0,0.0,18259627.0
West Virginia,2015,6679.0,2619323,2121215.0,1932457.0,188758.0,4747217.0
Wisconsin,2015,165155.0,7647097,8101659.0,7069248.0,1032411.0,15913911.0
Wyoming,2015,318569.0,994850,0.0,0.0,0.0,1313419.0
